#experimentName,string,visualization
#expPluginName,string,/usr/local/lib/ARE/experiments/libvisualization.so
#scenePath,string,/home/leni/git/AREFramework/simulation/models/scenes/exp_side_obstacles_hard.ttt
#scenes,sequence_string,ARE_arena.ttm
#folderToLoad,string,/media/leni/DATADRIVE1/are-logs/nipes_1_6_14-54-8-8140-3780954850/
#modelsPath,string,/home/leni/git/AREFramework/simulation/models/
#robotPath,string,/home/leni/git/AREFramework/simulation/models/robots/AREPuck.ttm
#manualDesignFile,string,None
#idToLoad,int,-1
#genToLoad,int,999
#indToLoad,int,9
#maxEvalTime,float,120
#numberOfGeneration,int,0
#populationSize,int,25
#repository,string,/home/leni/are-logs
#verbose,bool,1
#instanceType,int,0
#killWhenNotConnected,bool,0
#realTimeSim,bool,0
#timeStep,float,0.02
#ctrlUpdateFrequency,double,0.1
#shouldReopenConnections,bool,0
#seed,int,-1

#envType,int,0
#inputNoiseLevel,double,0.
#outputNoiseLevel,double,0.
#maxVelocity,double,6.
#arenaSize,sequence_double,2.;2.
#useArucoAsInput,bool,1
#initPosition,sequence_double,-0.6;0.6;0.2
#targetPosition,sequence_double,0.6;0.6;0.2;
#robotOrientation,sequence_double,0;-1.57;0
#MaxWeight,float,1.0
#NNType,int,0
#NbrHiddenNeurones,int,6
#jointSubs,sequence_int,-1;-1;0;1
#UseInternalBias,bool,1
#genType,int,2
#withBeacon,bool,1
#withTiles,bool,1
#flatFloor,bool,1
#jointControllerType,int,2
#randomOrientation,bool,0
#emptyCtrlGenome,bool,0
#loadAllMorphGenome,bool,0
#objectWeight,float,1

#useJointFeedback,bool,0
#useWheelFeedback,bool,0
#useIR,bool,1
#useCamera,bool,0

#isWheel,bool,1
#isSensor,bool,1
#isJoint,bool,1
#isCaster,bool,1
#isExportModel,bool,0
#saveBlueprint,bool,0
#isSegmentedRobot,bool,0

#reloadController,bool,1
#isScreenshotEnable,bool,0
#imagesInLogFolder,bool,0
#imageRepository,string,/home/le_goff/git/robotlibrary/wide_corridor/morph_56/
#nbrWaypoints,int,180

#isNEATGenome,bool,0
#isCPPNGenome,bool,1
#isLeg,bool,1

#descriptor,int,0
