generation 0: ,0,0,0,0,0,0,0,0,0,0,0,500,0,0,0,0,0,0,0,0,0,0,0,0,0,0,0,0,0,0,0,500,0,0,500,0,0,500,0,0,0,0,0,0,500,0,0,0,0,0,0,0,0,500,343.13,0,0,0,0,0,0,0,0,0,0,0,0,0,0,0,0,0,0,0,0,0,0,0,0,0,0,0,0,0,0,0,500,0,0,0,0,0,0,0,0,0,0,0,0,0,avg: ,38.4313,ind: ,31,fitness: ,500,bestPhenV:,-1,individuals: ,0,1,2,3,4,5,6,7,8,9,10,11,12,13,14,15,16,17,18,19,20,21,22,23,24,25,26,27,28,29,30,31,32,33,34,35,36,37,38,39,40,41,42,43,44,45,46,47,48,49,50,51,52,53,54,55,56,57,58,59,60,61,62,63,64,65,66,67,68,69,70,71,72,73,74,75,76,77,78,79,80,81,82,83,84,85,86,87,88,89,90,91,92,93,94,95,96,97,98,99,
generation 1: ,500,479.193,500,500,343.13,500,500,210.224,500,500,143.661,500,326.61,0,0,0,0,0,0,0,0,0,0,0,0,0,0,0,0,0,0,500,0,0,500,0,0,500,0,0,0,0,0,0,500,0,0,0,0,0,0,0,0,500,343.13,0,0,0,0,0,0,0,0,0,0,0,0,0,0,0,0,0,0,0,0,0,0,0,0,0,0,0,0,0,0,0,500,0,0,0,0,0,0,0,0,0,0,0,0,0,avg: ,88.4595,ind: ,106,fitness: ,500,bestPhenV:,0,individuals: ,102,103,105,106,126,138,148,154,170,174,176,11,196,199,14,15,16,17,18,19,20,21,22,23,24,25,26,27,28,29,30,31,32,33,34,35,36,37,38,39,40,41,42,43,44,45,46,47,48,49,50,51,52,53,54,55,56,57,58,59,60,61,62,63,64,65,66,67,68,69,70,71,72,73,74,75,76,77,78,79,80,81,82,83,84,85,86,87,88,89,90,91,92,93,94,95,96,97,98,99,
generation 2: ,500,479.193,500,500,343.13,500,500,210.224,500,500,143.661,500,326.61,500,500,500,500,500,500,10.9542,220.886,500,500,500,500,500,256.069,479.193,326.424,500,0,500,0,0,500,0,0,500,0,0,0,0,0,0,500,0,0,0,0,0,0,0,0,500,343.13,0,0,0,0,0,0,0,0,0,0,0,0,0,0,0,0,0,0,0,0,0,0,0,0,0,0,0,0,0,0,0,500,0,0,0,0,0,0,0,0,0,0,0,0,0,avg: ,161.395,ind: ,106,fitness: ,500,bestPhenV:,0,individuals: ,102,103,105,106,126,138,148,154,170,174,176,11,196,209,213,216,220,221,223,246,247,250,256,262,263,265,266,284,296,297,299,31,32,33,34,35,36,37,38,39,40,41,42,43,44,45,46,47,48,49,50,51,52,53,54,55,56,57,58,59,60,61,62,63,64,65,66,67,68,69,70,71,72,73,74,75,76,77,78,79,80,81,82,83,84,85,86,87,88,89,90,91,92,93,94,95,96,97,98,99,
generation 3: ,500,479.193,500,500,343.13,500,500,210.224,500,500,143.661,500,326.61,500,500,500,500,500,500,10.9542,220.886,500,500,500,500,500,256.069,479.193,326.424,500,500,500,479.193,500,500,500,181.592,500,500,500,500,500,500,500,500,500,500,500,500,500,500,479.193,500,500,343.13,500,468.799,326.61,500,500,500,500,245.684,500,343.13,500,500,500,0,0,0,0,0,0,0,0,0,0,0,0,0,0,0,0,0,0,500,0,0,0,0,0,0,0,0,0,0,0,0,0,avg: ,311.637,ind: ,106,fitness: ,500,bestPhenV:,0,individuals: ,102,103,105,106,126,138,148,154,170,174,176,11,196,209,213,216,220,221,223,246,247,250,256,262,263,265,266,284,296,297,300,31,308,310,34,313,314,37,316,322,324,327,329,333,44,335,343,348,351,353,356,358,360,53,54,364,371,375,377,383,384,385,388,389,391,392,393,394,399,69,70,71,72,73,74,75,76,77,78,79,80,81,82,83,84,85,86,87,88,89,90,91,92,93,94,95,96,97,98,99,
generation 4: ,500,479.193,500,500,343.13,500,500,500,500,500,143.661,500,326.61,500,500,500,500,500,500,10.9542,220.886,500,500,500,500,500,256.069,500,326.424,500,500,500,479.193,500,500,500,500,500,500,500,500,500,500,500,500,500,500,500,500,500,500,479.193,500,500,343.13,500,468.799,326.61,500,500,500,500,500,500,343.13,500,500,500,500,326.268,245.684,500,343.13,500,479.193,222.238,500,500,500,332.565,500,500,500,500,500,500,500,479.193,500,326.664,500,500,500,500,500,500,500,479.193,500,500,avg: ,462.811,ind: ,106,fitness: ,500,bestPhenV:,0,individuals: ,102,103,105,106,126,138,148,471,170,174,176,11,196,209,213,493,220,221,223,246,247,473,256,262,263,265,266,480,296,297,300,31,308,310,34,313,494,37,316,322,324,327,329,333,44,335,343,348,351,353,356,358,360,53,54,364,371,375,377,383,384,474,490,389,391,392,393,394,479,401,402,403,404,408,410,412,413,415,419,423,426,489,476,431,436,482,86,469,440,486,447,448,451,453,456,495,459,460,462,464,
generation 5: ,500,500,500,500,343.13,500,500,500,500,500,500,500,326.61,500,500,500,500,500,500,500,500,500,500,500,500,500,500,500,500,500,500,500,500,500,500,500,500,500,500,500,500,500,500,500,500,500,500,500,500,500,500,500,500,500,500,670.732,500,326.61,500,500,500,500,500,500,343.13,500,500,500,500,479.193,500,500,343.13,500,500,500,500,500,500,479.193,500,500,500,500,500,500,500,500,500,333.279,500,500,500,500,500,500,500,500,500,500,avg: ,491.45,ind: ,523,fitness: ,670.732,bestPhenV:,0,individuals: ,548,594,550,106,126,138,506,522,532,539,503,592,196,209,213,540,220,221,520,553,564,501,546,262,551,535,526,556,587,591,300,31,515,557,514,512,494,570,316,322,562,327,599,333,44,554,343,348,529,353,571,596,575,53,582,523,516,375,563,383,384,537,490,389,391,530,393,593,552,538,534,531,404,513,589,590,502,415,419,549,426,489,511,572,436,545,558,584,561,500,447,448,451,453,456,495,459,565,462,464,
generation 6: ,500,500,500,500,500,500,500,500,500,500,500,500,500,500,500,500,500,500,500,500,500,500,500,500,500,500,500,500,500,500,500,500,500,500,500,500,500,500,500,500,500,500,500,500,500,500,500,500,500,500,500,500,500,500,500,670.732,500,500,500,500,500,500,500,500,500,500,500,500,500,479.193,500,500,500,500,500,500,500,500,500,479.193,500,500,500,500,500,500,500,500,500,333.279,500,500,500,500,500,500,500,500,500,500,avg: ,499.624,ind: ,523,fitness: ,670.732,bestPhenV:,0,individuals: ,548,687,550,106,656,138,506,522,532,539,503,683,657,209,213,613,220,614,520,691,645,680,546,262,551,686,655,556,587,646,300,618,692,626,669,644,601,608,685,682,562,327,599,640,690,554,689,600,633,619,571,596,639,53,679,523,634,665,647,605,602,537,490,677,617,643,678,593,632,538,534,531,616,513,695,590,502,671,419,549,637,658,511,572,660,545,558,698,631,500,447,676,674,663,456,654,672,565,662,464,
generation 7: ,500,500,500,500,500,500,500,500,500,500,500,500,500,500,500,500,500,500,500,500,500,500,500,500,500,500,500,500,500,500,500,500,500,500,500,500,500,500,500,500,500,500,500,500,500,500,500,500,500,500,500,500,500,500,500,670.732,500,500,500,500,500,500,500,500,500,500,500,500,500,479.193,500,500,500,500,500,500,500,500,500,500,500,500,500,500,500,500,500,500,500,333.279,500,500,500,500,500,500,500,500,500,500,avg: ,499.832,ind: ,523,fitness: ,670.732,bestPhenV:,0,individuals: ,788,713,707,794,656,138,506,522,532,793,722,740,758,209,727,728,735,614,702,791,771,723,546,733,551,704,655,748,775,646,752,618,766,626,777,798,779,608,774,682,562,716,599,785,708,714,689,600,633,743,571,596,639,790,679,523,734,789,647,605,602,537,770,677,756,761,732,780,632,538,776,739,738,750,695,749,502,671,419,747,769,658,741,767,660,724,799,772,753,500,447,757,742,768,711,792,755,565,745,464,
generation 8: ,500,500,500,500,500,500,500,500,500,500,500,500,500,500,500,500,500,500,500,500,500,500,500,500,500,500,500,500,500,500,500,500,500,500,500,500,500,500,500,500,500,500,500,500,500,500,500,500,500,500,500,500,500,500,500,670.732,500,500,500,500,500,500,500,500,500,500,500,500,500,500,500,500,500,500,500,500,500,500,500,500,500,500,500,500,500,500,500,500,500,333.279,500,500,500,500,500,500,500,500,500,500,avg: ,500.04,ind: ,523,fitness: ,670.732,bestPhenV:,0,individuals: ,843,848,842,890,656,138,506,876,532,856,722,846,758,209,893,836,735,614,702,791,830,868,829,832,888,704,847,887,809,646,899,867,859,626,777,882,779,840,831,682,895,877,599,785,708,874,813,818,633,743,800,841,838,891,679,523,823,801,880,605,839,828,825,677,896,761,892,780,898,871,865,739,860,861,894,833,502,671,419,747,769,881,741,850,660,724,889,853,753,500,815,886,862,768,864,792,857,885,873,464,
generation 9: ,500,500,500,500,500,500,500,500,500,500,500,500,500,500,500,500,500,500,500,500,500,500,500,500,500,500,500,500,500,500,500,500,500,500,500,500,500,500,500,500,500,500,500,500,500,500,500,500,500,500,500,500,500,500,500,670.732,500,500,500,500,500,500,500,500,500,500,500,500,500,500,500,500,500,500,500,500,500,500,500,500,500,500,500,500,500,500,500,500,500,500,500,500,500,500,500,500,500,500,500,500,avg: ,501.707,ind: ,523,fitness: ,670.732,bestPhenV:,0,individuals: ,932,848,842,890,937,969,506,876,532,856,722,846,999,209,893,967,735,614,911,955,830,913,968,933,888,704,948,887,809,961,940,985,984,927,980,929,974,840,944,995,895,877,956,785,986,874,957,818,971,934,800,945,981,891,987,523,823,947,880,605,839,902,977,677,949,996,892,928,898,871,992,978,990,958,894,943,901,950,419,747,997,998,741,850,988,959,953,853,976,994,966,914,939,921,941,952,857,954,873,464,
generation 10: ,500,500,500,500,500,500,500,500,500,500,500,500,500,500,500,500,500,500,500,500,500,500,500,500,500,500,500,500,500,500,500,500,500,500,500,500,500,500,500,500,500,500,500,500,500,500,500,500,500,500,500,500,500,500,500,670.732,500,500,500,500,500,500,500,500,500,500,500,500,500,500,500,500,500,500,500,500,500,500,500,500,500,500,500,500,500,500,500,500,500,500,500,500,500,500,500,500,500,500,500,500,avg: ,501.707,ind: ,523,fitness: ,670.732,bestPhenV:,0,individuals: ,932,848,1086,1000,937,1054,506,876,532,856,1058,846,1082,209,1034,1023,1097,1048,1085,1036,830,1084,1081,933,888,1073,1013,1057,1037,1070,1059,1049,984,927,980,1026,974,840,1091,1051,1093,1060,956,1092,986,1088,1053,1018,971,1062,1014,945,1068,891,1095,523,1075,947,880,1039,1087,1065,1069,1038,1089,1055,1028,928,898,1031,1001,1066,990,1078,1029,943,1005,950,419,1061,1044,1015,741,1099,1083,1072,953,1056,976,994,1076,1090,939,1080,1071,1007,857,1067,1096,464,
generation 11: ,500,500,500,500,500,500,500,500,500,500,500,500,500,500,500,500,500,500,500,500,500,500,500,500,500,500,500,500,500,500,500,500,500,500,500,500,500,500,500,500,500,500,500,500,500,500,500,500,500,500,500,500,500,500,500,670.732,500,500,500,500,500,500,500,500,500,500,500,500,500,500,500,500,500,500,500,500,500,500,500,500,500,500,500,500,500,500,500,500,500,500,500,500,500,500,500,500,500,500,500,500,avg: ,501.707,ind: ,523,fitness: ,670.732,bestPhenV:,0,individuals: ,1182,1194,1086,1150,1169,1054,506,1111,1152,856,1121,1108,1168,1106,1034,1172,1097,1048,1137,1036,830,1084,1192,1196,1156,1125,1013,1186,1037,1159,1059,1049,1153,1178,980,1176,974,1105,1199,1051,1197,1060,1140,1114,1167,1136,1138,1161,971,1062,1014,1120,1068,891,1095,523,1189,1191,880,1198,1141,1065,1069,1124,1089,1100,1193,1129,1180,1151,1187,1126,1171,1184,1164,1155,1174,1123,1145,1179,1044,1015,1188,1185,1177,1072,953,1195,1119,1181,1076,1173,1148,1175,1071,1007,1190,1160,1154,1101,
generation 12: ,500,500,500,500,500,500,500,500,500,500,500,500,500,500,500,500,500,500,500,500,500,500,500,500,500,500,500,500,500,500,500,500,500,500,500,500,500,500,500,500,500,500,500,500,500,500,500,500,500,500,500,500,500,500,500,670.732,500,500,500,500,500,500,500,500,500,500,500,613.635,500,500,500,500,500,500,500,500,500,500,500,500,500,500,500,500,500,500,500,500,500,500,500,500,500,500,500,500,500,500,500,500,avg: ,502.844,ind: ,523,fitness: ,670.732,bestPhenV:,0,individuals: ,1257,1194,1086,1298,1213,1054,506,1232,1152,856,1121,1276,1291,1106,1255,1235,1237,1299,1284,1230,830,1236,1192,1196,1156,1125,1013,1258,1247,1254,1059,1049,1153,1178,980,1176,1275,1105,1252,1281,1197,1219,1241,1279,1206,1283,1138,1161,1266,1282,1014,1270,1251,891,1287,523,1248,1225,1268,1198,1295,1293,1069,1269,1297,1208,1193,1221,1226,1151,1222,1126,1267,1184,1164,1249,1174,1243,1280,1271,1044,1015,1188,1278,1264,1072,1207,1296,1119,1274,1285,1212,1148,1256,1289,1277,1234,1214,1290,1101,
generation 13: ,500,500,500,500,500,500,500,500,500,500,500,500,500,500,500,500,500,500,500,500,500,500,500,500,500,500,500,500,500,500,500,500,500,500,500,500,500,500,500,500,500,500,500,500,500,500,500,500,500,500,500,500,500,500,500,670.732,500,500,500,500,500,500,500,500,500,500,500,613.635,500,500,500,500,500,500,500,500,500,500,500,500,500,500,500,500,500,500,500,500,500,500,500,500,500,500,500,500,500,500,500,500,avg: ,502.844,ind: ,523,fitness: ,670.732,bestPhenV:,0,individuals: ,1257,1194,1086,1298,1349,1319,1368,1369,1378,1324,1344,1397,1291,1387,1255,1377,1237,1361,1320,1230,1357,1236,1192,1352,1156,1358,1013,1350,1388,1372,1399,1342,1327,1385,1356,1343,1275,1322,1379,1281,1345,1219,1393,1392,1355,1283,1340,1396,1384,1306,1014,1394,1335,1359,1330,523,1248,1225,1268,1329,1295,1360,1069,1269,1297,1365,1193,1221,1226,1151,1222,1126,1267,1184,1164,1249,1371,1243,1386,1364,1303,1351,1375,1395,1264,1072,1207,1296,1119,1367,1285,1374,1338,1256,1366,1277,1398,1214,1290,1383,
generation 14: ,500,500,500,500,500,500,500,500,500,500,500,500,500,500,500,500,500,500,500,500,500,500,500,500,500,500,500,500,500,500,500,500,500,500,500,500,500,500,500,500,500,500,500,500,500,500,500,500,500,500,500,500,500,500,500,670.732,500,500,500,500,500,500,500,500,500,500,500,613.635,500,500,500,500,500,500,500,500,500,500,500,500,500,500,500,500,500,500,500,500,500,500,500,500,500,500,500,500,500,500,500,500,avg: ,502.844,ind: ,523,fitness: ,670.732,bestPhenV:,0,individuals: ,1488,1480,1401,1489,1490,1319,1449,1369,1378,1482,1344,1397,1487,1498,1475,1452,1237,1473,1455,1472,1357,1471,1417,1476,1418,1358,1013,1421,1388,1437,1499,1459,1327,1436,1491,1461,1275,1322,1460,1281,1469,1219,1426,1494,1355,1477,1427,1396,1384,1306,1478,1497,1495,1359,1330,523,1248,1467,1268,1329,1492,1360,1069,1432,1430,1485,1193,1221,1466,1496,1222,1425,1267,1493,1484,1443,1371,1243,1447,1422,1454,1351,1486,1395,1264,1072,1207,1431,1119,1367,1479,1400,1457,1450,1366,1412,1398,1419,1470,1420,
generation 15: ,500,500,500,500,500,500,500,500,500,500,500,500,500,500,500,500,500,500,500,500,500,500,500,500,500,500,500,500,500,500,500,500,500,500,500,500,500,500,500,500,500,500,500,500,500,500,500,500,500,500,500,500,500,500,500,670.732,500,500,500,500,500,500,500,500,500,500,613.635,613.635,500,500,500,500,500,500,500,500,500,500,500,500,500,500,500,500,500,500,500,500,500,500,500,500,500,500,500,500,500,500,500,500,avg: ,503.98,ind: ,523,fitness: ,670.732,bestPhenV:,0,individuals: ,1488,1593,1581,1558,1563,1597,1588,1507,1378,1482,1551,1514,1487,1567,1526,1452,1237,1473,1586,1554,1532,1471,1417,1560,1418,1596,1537,1421,1501,1589,1533,1459,1327,1540,1491,1461,1584,1570,1559,1546,1469,1547,1426,1525,1575,1477,1427,1396,1518,1306,1568,1497,1495,1545,1330,523,1248,1591,1599,1566,1492,1583,1069,1590,1430,1592,1585,1221,1508,1510,1222,1562,1544,1521,1574,1512,1538,1556,1447,1550,1454,1576,1561,1395,1569,1072,1598,1431,1565,1367,1595,1400,1522,1450,1366,1582,1506,1505,1587,1420,
generation 16: ,500,500,500,500,500,500,500,500,500,500,500,500,500,500,500,500,500,500,500,500,500,500,500,500,500,500,500,500,500,500,500,500,500,500,500,500,500,500,500,500,500,500,500,500,500,500,500,500,500,500,500,500,500,500,500,670.732,500,500,500,500,500,500,500,500,500,500,613.635,613.635,500,500,500,500,500,500,500,500,500,500,500,500,500,500,500,500,500,500,500,500,500,500,500,500,500,500,500,500,500,500,500,500,avg: ,503.98,ind: ,523,fitness: ,670.732,bestPhenV:,0,individuals: ,1651,1593,1694,1558,1563,1640,1685,1507,1617,1699,1636,1627,1487,1567,1526,1697,1237,1473,1586,1554,1532,1471,1606,1670,1418,1596,1665,1421,1679,1589,1533,1634,1673,1693,1491,1616,1656,1660,1687,1633,1692,1648,1655,1677,1631,1652,1427,1669,1696,1653,1618,1681,1495,1545,1657,523,1248,1591,1599,1566,1678,1691,1689,1642,1686,1619,1585,1221,1508,1664,1695,1562,1623,1521,1574,1512,1659,1644,1447,1646,1454,1576,1561,1645,1675,1666,1598,1684,1607,1367,1595,1400,1698,1649,1683,1582,1690,1637,1587,1420,
generation 17: ,500,500,500,500,500,500,500,500,500,500,500,500,500,500,500,500,500,500,500,500,500,500,500,500,500,500,500,500,500,500,613.635,500,500,500,500,500,500,500,500,500,500,500,500,500,500,500,500,500,500,500,500,500,500,500,500,670.732,500,500,500,500,500,500,500,500,500,500,613.635,613.635,500,500,500,500,500,500,500,500,500,500,500,500,500,500,500,500,500,500,500,500,500,500,500,500,500,500,500,500,500,500,500,500,avg: ,505.116,ind: ,523,fitness: ,670.732,bestPhenV:,0,individuals: ,1736,1593,1694,1761,1563,1747,1685,1770,1617,1785,1636,1627,1734,1755,1767,1762,1712,1794,1586,1773,1780,1702,1730,1789,1418,1596,1665,1421,1679,1745,1786,1790,1776,1733,1491,1616,1742,1775,1723,1774,1793,1797,1766,1765,1711,1652,1427,1669,1696,1784,1758,1781,1495,1756,1657,523,1792,1772,1700,1566,1678,1691,1689,1642,1744,1725,1585,1221,1508,1664,1695,1720,1717,1746,1771,1799,1764,1779,1447,1710,1782,1576,1561,1645,1796,1666,1769,1783,1607,1367,1719,1787,1751,1768,1683,1703,1690,1791,1763,1701,
generation 18: ,500,500,500,500,500,500,500,500,500,500,500,500,500,500,500,500,500,500,500,500,500,500,500,500,500,500,500,500,500,500,613.635,500,500,500,500,500,500,500,500,500,500,500,500,500,500,500,500,500,500,500,500,500,659.469,500,500,670.732,500,500,500,500,500,500,500,500,500,500,613.635,613.635,500,500,500,500,500,500,500,500,500,500,500,500,500,500,500,500,500,500,500,500,500,500,500,500,500,500,500,500,500,500,500,500,avg: ,506.711,ind: ,523,fitness: ,670.732,bestPhenV:,0,individuals: ,1891,1827,1694,1872,1563,1747,1858,1770,1868,1785,1861,1627,1851,1755,1767,1762,1712,1794,1834,1857,1879,1702,1865,1840,1895,1596,1665,1421,1833,1745,1786,1867,1871,1890,1491,1616,1804,1775,1844,1774,1888,1886,1870,1850,1874,1652,1427,1669,1854,1883,1887,1781,1838,1806,1657,523,1885,1772,1700,1566,1839,1831,1878,1809,1744,1835,1585,1221,1892,1853,1897,1847,1717,1869,1771,1841,1884,1893,1823,1710,1862,1898,1561,1645,1866,1863,1829,1830,1880,1367,1842,1787,1873,1768,1882,1703,1810,1821,1894,1701,
generation 19: ,500,500,500,500,500,500,500,500,500,500,500,500,500,500,500,500,500,500,500,500,500,500,500,500,500,500,500,500,686.532,500,613.635,500,500,500,500,500,500,500,500,613.635,500,500,500,500,500,500,500,500,500,500,500,500,659.469,500,500,670.732,500,500,500,500,500,500,500,500,500,500,613.635,613.635,500,500,500,500,500,500,500,500,500,500,500,500,500,500,500,500,500,500,500,500,500,500,500,500,500,500,500,500,500,500,500,500,avg: ,509.713,ind: ,1954,fitness: ,686.532,bestPhenV:,0,individuals: ,1976,1948,1694,1872,1953,1937,1964,1977,1868,1972,1861,1981,1851,1974,1987,1969,1712,1940,1971,1955,1879,1943,1865,1840,1958,1994,1996,1421,1954,1913,1786,1867,1871,1998,1918,1982,1804,1961,1962,1973,1888,1886,1960,1949,1992,1985,1993,1931,1968,1952,1911,1927,1838,1914,1657,523,1885,1772,1946,1566,1839,1939,1878,1907,1744,1835,1585,1221,1967,1853,1897,1847,1717,1869,1947,1945,1930,1986,1997,1710,1862,1989,1959,1645,1999,1928,1829,1920,1880,1966,1950,1787,1873,1924,1957,1703,1935,1821,1894,1978,
generation 20: ,500,500,500,500,500,500,500,500,500,500,500,500,500,500,500,500,500,500,500,500,500,500,500,500,500,500,500,500,686.532,500,613.635,500,500,500,500,500,500,500,500,613.635,500,500,500,500,500,500,500,500,500,500,500,500,659.469,500,500,670.732,500,500,500,500,500,500,500,500,500,500,613.635,613.635,500,500,500,500,500,500,500,500,500,500,500,500,500,500,500,500,500,500,500,500,500,500,500,500,500,500,500,500,500,500,500,500,avg: ,509.713,ind: ,1954,fitness: ,686.532,bestPhenV:,0,individuals: ,2087,1948,2097,2028,2048,2032,2056,2053,1868,1972,2066,1981,2044,1974,2082,2046,1712,1940,2010,1955,2089,2077,1865,1840,2008,2084,2076,1421,1954,1913,1786,1867,2004,1998,1918,2083,1804,1961,2055,2015,2065,2095,2074,2098,2040,1985,1993,1931,2068,1952,2051,2011,1838,2081,2091,523,1885,1772,1946,2079,1839,1939,1878,2092,2064,2027,1585,1221,2061,1853,1897,2034,2094,2096,2088,2030,2052,1986,2060,2099,2073,2047,2014,1645,1999,1928,2069,2041,1880,1966,1950,2018,1873,2007,2049,2039,2085,2006,2025,2093,
generation 21: ,500,500,500,500,500,500,500,500,500,500,500,500,500,500,500,500,500,500,500,500,500,500,500,500,500,500,500,500,686.532,500,613.635,500,500,500,500,500,500,500,500,613.635,500,500,500,500,500,500,500,500,500,500,500,500,659.469,500,500,670.732,500,500,500,500,500,500,500,500,500,500,613.635,613.635,500,500,500,500,500,500,500,500,500,613.635,500,500,500,500,500,500,500,500,500,500,500,500,500,500,500,500,500,500,500,500,500,500,avg: ,510.849,ind: ,1954,fitness: ,686.532,bestPhenV:,0,individuals: ,2132,1948,2097,2148,2168,2152,2056,2053,1868,2156,2165,2158,2044,2190,2175,2196,2139,1940,2010,1955,2185,2184,1865,2167,2008,2172,2192,2189,1954,2109,1786,1867,2004,2110,1918,2198,2122,2160,2055,2015,2129,2095,2074,2098,2193,2197,2123,1931,2162,1952,2051,2011,1838,2151,2194,523,2186,2155,2107,2079,1839,1939,2163,2159,2064,2118,1585,1221,2140,1853,1897,2144,2094,2104,2088,2030,2052,2115,2170,2161,2073,2120,2171,2131,2173,2181,2101,2177,1880,2153,2179,2188,1873,2007,2183,2039,2085,2142,2182,2169,
generation 22: ,500,500,500,500,500,500,500,500,500,500,500,500,500,500,500,500,500,500,500,500,500,500,500,500,500,500,500,500,686.532,500,613.635,500,500,500,500,500,500,500,500,613.635,500,500,500,500,500,500,500,500,500,500,500,500,659.469,500,500,670.732,500,500,500,500,500,500,500,500,500,500,613.635,613.635,500,500,500,500,500,500,500,500,500,613.635,500,500,500,500,500,500,500,500,500,500,500,500,500,500,500,500,500,500,500,500,500,500,avg: ,510.849,ind: ,1954,fitness: ,686.532,bestPhenV:,0,individuals: ,2286,2245,2297,2268,2270,2152,2239,2202,2222,2156,2165,2158,2295,2190,2288,2196,2139,1940,2010,1955,2185,2265,1865,2167,2287,2237,2264,2204,1954,2109,1786,2293,2294,2110,2205,2290,2209,2160,2208,2015,2226,2277,2229,2219,2258,2299,2123,1931,2241,2234,2217,2296,1838,2151,2194,523,2186,2155,2263,2257,2298,2216,2163,2262,2064,2118,1585,1221,2248,2283,2281,2210,2266,2280,2088,2215,2232,2115,2170,2259,2207,2238,2171,2131,2289,2285,2255,2206,2253,2292,2179,2246,2200,2247,2183,2039,2085,2271,2235,2260,
generation 23: ,500,500,500,500,500,500,500,500,500,500,500,500,500,500,500,500,500,500,500,500,500,500,500,500,500,500,500,500,686.532,500,613.635,500,500,500,500,500,500,500,500,613.635,500,500,500,500,500,500,500,500,500,500,500,500,659.469,500,500,670.732,500,500,500,500,500,500,500,500,500,500,613.635,613.635,500,500,500,500,500,500,500,500,500,613.635,500,500,500,500,500,500,500,500,500,500,500,500,500,500,500,500,500,500,500,500,500,500,avg: ,510.849,ind: ,1954,fitness: ,686.532,bestPhenV:,0,individuals: ,2286,2374,2327,2395,2270,2341,2239,2202,2222,2378,2165,2158,2295,2386,2288,2314,2325,1940,2379,1955,2371,2265,1865,2342,2335,2237,2373,2301,1954,2109,1786,2293,2294,2383,2388,2290,2209,2308,2389,2015,2347,2277,2229,2357,2258,2299,2309,2393,2323,2304,2349,2381,1838,2398,2194,523,2186,2384,2333,2257,2394,2305,2163,2262,2064,2118,1585,1221,2353,2370,2376,2397,2367,2280,2088,2215,2387,2115,2170,2259,2311,2238,2171,2356,2289,2285,2255,2363,2253,2350,2391,2390,2200,2380,2183,2039,2085,2348,2329,2346,
generation 24: ,500,500,613.635,500,500,613.635,500,500,500,500,500,500,500,500,500,500,500,500,500,500,500,500,500,500,500,500,500,500,686.532,500,613.635,500,500,500,500,500,500,500,500,613.635,500,500,500,500,500,500,500,674.016,500,500,500,500,659.469,500,500,670.732,500,500,500,500,500,500,500,500,500,500,613.635,613.635,500,500,500,500,500,500,500,500,500,613.635,500,500,500,500,500,500,500,500,500,500,500,500,500,500,500,500,500,500,500,500,500,500,avg: ,514.862,ind: ,1954,fitness: ,686.532,bestPhenV:,0,individuals: ,2463,2473,2448,2499,2431,2424,2239,2420,2456,2378,2165,2469,2488,2386,2288,2453,2484,1940,2379,1955,2371,2458,1865,2407,2430,2451,2405,2301,1954,2443,1786,2413,2416,2491,2388,2485,2487,2409,2389,2015,2452,2479,2229,2357,2258,2449,2440,2433,2465,2466,2349,2381,1838,2398,2194,523,2432,2455,2461,2257,2474,2442,2163,2262,2064,2436,1585,1221,2406,2415,2498,2471,2489,2280,2088,2215,2492,2115,2478,2259,2467,2238,2450,2356,2490,2493,2404,2363,2421,2350,2410,2417,2200,2494,2468,2039,2085,2348,2329,2482,
generation 25: ,500,500,613.635,500,500,613.635,500,500,500,500,674.016,500,500,500,500,500,500,500,500,500,500,500,500,500,500,500,500,500,686.532,500,613.635,500,500,500,500,500,500,500,500,613.635,500,500,500,500,500,500,500,674.016,500,500,500,500,659.469,500,500,670.732,500,500,500,500,613.635,500,500,674.016,500,500,613.635,613.635,500,500,500,500,500,500,500,500,500,613.635,500,500,500,500,500,500,500,500,500,500,500,500,500,500,500,500,500,500,500,500,500,500,avg: ,519.479,ind: ,1954,fitness: ,686.532,bestPhenV:,0,individuals: ,2575,2473,2448,2499,2526,2424,2523,2583,2504,2378,2509,2469,2578,2386,2527,2544,2596,2547,2567,1955,2545,2458,1865,2562,2587,2451,2550,2502,1954,2594,1786,2589,2416,2571,2388,2485,2503,2542,2591,2015,2540,2553,2579,2551,2258,2584,2569,2433,2581,2466,2349,2381,1838,2398,2194,523,2555,2455,2461,2598,2568,2515,2517,2532,2580,2595,1585,1221,2566,2415,2570,2539,2489,2521,2536,2215,2586,2115,2505,2259,2599,2238,2577,2543,2490,2552,2585,2546,2588,2350,2565,2573,2200,2597,2513,2039,2563,2582,2329,2559,
generation 26: ,500,500,613.635,500,613.635,613.635,500,500,500,500,674.016,500,500,500,500,500,500,500,500,500,500,500,500,500,674.016,500,500,500,686.532,500,674.016,500,500,500,500,500,500,500,500,613.635,500,500,500,500,500,500,500,674.016,500,500,500,500,659.469,500,500,670.732,500,500,500,500,613.635,500,500,674.016,500,500,613.635,613.635,500,500,500,500,500,500,613.635,500,500,613.635,500,500,500,500,500,500,500,500,500,500,500,500,500,500,500,500,500,500,500,500,500,500,avg: ,524.095,ind: ,1954,fitness: ,686.532,bestPhenV:,0,individuals: ,2656,2473,2448,2499,2678,2424,2523,2680,2601,2378,2509,2469,2647,2386,2682,2544,2699,2547,2567,1955,2654,2458,2688,2660,2677,2451,2628,2694,1954,2594,2664,2696,2692,2686,2388,2640,2503,2637,2618,2015,2672,2689,2653,2645,2258,2658,2616,2433,2581,2652,2349,2381,1838,2621,2613,523,2614,2455,2461,2608,2665,2698,2620,2532,2580,2595,1585,1221,2624,2415,2622,2643,2489,2521,2650,2215,2586,2115,2639,2259,2599,2693,2648,2543,2661,2632,2685,2691,2588,2651,2565,2695,2200,2597,2669,2039,2659,2582,2683,2559,
generation 27: ,500,500,613.635,500,613.635,613.635,500,500,500,500,674.016,613.635,500,500,500,500,500,500,500,500,500,500,500,500,674.016,500,500,500,686.532,500,674.016,613.635,500,500,500,500,500,500,500,613.635,500,500,500,500,500,500,500,674.016,500,500,500,500,659.469,500,532.623,674.447,500,500,500,500,613.635,500,500,674.016,500,500,613.635,613.635,500,500,500,500,500,500,613.635,500,500,613.635,500,500,500,500,500,500,500,500,500,500,500,500,500,500,500,500,500,500,500,500,500,500,avg: ,526.731,ind: ,1954,fitness: ,686.532,bestPhenV:,0,individuals: ,2656,2473,2448,2720,2678,2424,2714,2680,2778,2378,2509,2769,2717,2794,2753,2544,2728,2709,2735,1955,2654,2458,2774,2777,2677,2451,2628,2694,1954,2734,2664,2791,2692,2785,2388,2702,2503,2721,2773,2015,2731,2789,2758,2645,2796,2658,2616,2433,2581,2652,2730,2786,1838,2740,2799,2761,2727,2718,2461,2608,2665,2784,2779,2532,2793,2798,1585,1221,2765,2772,2622,2643,2763,2754,2650,2737,2776,2115,2639,2745,2775,2751,2744,2795,2780,2632,2756,2790,2588,2651,2732,2739,2742,2597,2766,2039,2725,2582,2762,2788,
generation 28: ,500,500,613.635,500,613.635,613.635,500,500,613.635,500,674.016,613.635,500,674.016,500,500,500,500,613.635,500,500,500,500,500,674.016,500,674.016,500,686.532,500,674.016,613.635,500,500,500,500,500,500,500,613.635,500,500,500,500,500,500,500,674.016,500,500,613.635,500,659.469,500,613.635,674.447,500,500,500,500,613.635,500,500,674.016,500,500,613.635,613.635,500,500,500,500,500,500,613.635,500,500,613.635,500,500,500,500,500,500,500,500,500,500,500,500,500,500,500,500,500,500,500,500,674.016,500,avg: ,536.171,ind: ,1954,fitness: ,686.532,bestPhenV:,0,individuals: ,2870,2866,2448,2868,2678,2424,2898,2892,2817,2843,2509,2769,2717,2832,2753,2544,2831,2709,2875,2883,2654,2887,2896,2826,2677,2451,2849,2858,1954,2734,2664,2791,2692,2836,2388,2702,2503,2721,2877,2015,2731,2852,2835,2833,2796,2871,2616,2433,2581,2652,2869,2856,1838,2812,2850,2761,2727,2894,2461,2859,2665,2784,2806,2532,2793,2823,1585,1221,2885,2889,2821,2643,2763,2867,2650,2810,2840,2115,2862,2882,2775,2751,2861,2809,2780,2891,2876,2790,2811,2651,2897,2851,2801,2597,2766,2039,2855,2847,2802,2874,
generation 29: ,500,500,613.635,500,613.635,613.635,500,500,674.016,500,674.016,613.635,500,674.016,500,500,500,500,613.635,500,500,500,500,500,674.016,500,674.016,613.635,686.532,674.016,674.016,613.635,500,500,500,500,500,500,500,613.635,500,500,500,500,500,500,613.635,674.016,674.016,500,613.635,500,659.469,500,613.635,674.447,500,500,500,500,613.635,500,613.635,674.016,500,500,613.635,613.635,500,500,500,500,500,500,613.635,500,500,613.635,500,500,500,613.635,500,500,500,500,500,500,500,500,500,500,500,686.161,500,500,500,500,674.016,500,avg: ,546.662,ind: ,1954,fitness: ,686.532,bestPhenV:,0,individuals: ,2913,2998,2448,2947,2678,2424,2898,2892,2975,2954,2509,2769,2717,2832,2753,2544,2999,2709,2875,2883,2654,2922,2914,2971,2677,2451,2849,2931,1954,2968,2664,2791,2692,2983,2938,2702,2951,2721,2972,2015,2731,2965,2835,2950,2925,2987,2905,2433,2960,2652,2869,2963,1838,2970,2850,2761,2727,2997,2461,2919,2665,2955,2935,2532,2932,2991,1585,1221,2885,2889,2992,2643,2948,2952,2650,2810,2990,2115,2900,2882,2940,2962,2861,2910,2908,2996,2973,2790,2918,2651,2988,2989,2980,2981,2979,2039,2855,2984,2802,2874,
generation 30: ,500,613.635,613.635,500,613.635,613.635,500,500,674.016,500,674.016,613.635,500,674.016,500,500,500,500,613.635,500,500,500,500,500,674.016,500,674.016,613.635,686.532,674.016,674.016,613.635,668.027,500,500,500,500,500,500,613.635,500,500,500,500,500,500,613.635,674.016,674.016,500,613.635,674.016,659.469,500,613.635,674.447,500,526.925,500,500,613.635,500,613.635,674.016,500,500,613.635,613.635,500,500,500,500,500,613.635,613.635,500,500,613.635,500,500,500,613.635,500,500,500,674.016,500,500,500,500,613.635,500,500,686.161,500,500,500,500,674.016,500,avg: ,555.501,ind: ,1954,fitness: ,686.532,bestPhenV:,0,individuals: ,2913,3024,2448,3087,2678,2424,3067,3081,2975,2954,2509,2769,3051,2832,2753,3095,3083,3098,2875,2883,3071,3097,3060,2971,2677,3059,2849,2931,1954,2968,2664,2791,3066,3057,3089,2702,3044,3025,2972,2015,3050,3048,2835,3096,2925,3055,2905,2433,2960,2652,2869,3041,1838,2970,2850,2761,2727,3073,3065,2919,2665,2955,2935,2532,2932,2991,1585,1221,2885,2889,2992,3079,3004,3094,2650,3091,3053,2115,2900,3093,3080,2962,3092,3064,3052,3084,3026,3075,2918,2651,3090,3077,3086,2981,3008,2039,3017,3074,2802,3010,
generation 31: ,500,613.635,613.635,500,613.635,613.635,500,500,674.016,500,674.019,613.635,500,674.016,500,500,500,500,613.635,613.635,500,674.016,500,500,674.016,500,674.016,613.635,686.532,674.016,674.016,613.635,668.027,500,500,500,500,500,500,613.635,500,500,613.635,500,500,500,613.635,674.016,674.016,500,613.635,674.016,659.469,500,613.635,674.447,500,526.925,500,500,613.635,500,613.635,674.016,500,500,613.635,613.635,500,500,500,500,500,613.635,613.635,500,500,613.635,500,500,500,613.635,500,500,500,674.016,500,500,500,500,613.635,532.671,500,686.161,674.016,500,500,500,674.016,500,avg: ,561.581,ind: ,1954,fitness: ,686.532,bestPhenV:,0,individuals: ,3121,3024,2448,3087,2678,2424,3067,3105,2975,3109,3135,2769,3132,2832,3153,3095,3187,3098,2875,3123,3136,3133,3188,3176,2677,3168,2849,2931,1954,2968,2664,2791,3066,3154,3184,2702,3182,3025,3139,2015,3050,3048,3104,3194,2925,3167,3140,2433,2960,3175,2869,3041,1838,2970,2850,2761,2727,3073,3172,3129,2665,3147,2935,2532,3198,3148,1585,1221,3107,2889,3155,3186,3138,3125,2650,3178,3053,2115,2900,3181,3196,2962,3092,3064,3115,3084,3185,3075,3195,3150,3090,3190,3086,2981,3110,3120,3017,3197,2802,3161,
generation 32: ,500,613.635,613.635,500,613.635,613.635,500,500,674.016,500,674.019,613.635,500,674.016,500,674.016,500,500,613.635,613.635,500,674.016,500,500,674.016,500,674.016,613.635,686.532,674.016,674.016,613.635,668.027,500,500,500,500,500,613.635,613.635,500,674.016,613.635,500,500,500,613.635,674.016,674.016,500,613.635,674.016,659.469,500,674.448,674.447,500,526.925,613.635,500,613.635,500,613.635,674.016,500,500,613.635,613.635,500,500,500,500,500,613.635,613.635,613.635,500,613.635,500,500,500,613.635,500,500,674.016,674.016,500,613.635,500,500,613.635,532.671,500,686.161,674.016,500,674.016,500,674.016,613.635,avg: ,574.832,ind: ,1954,fitness: ,686.532,bestPhenV:,0,individuals: ,3121,3024,3218,3087,2678,2424,3241,3230,2975,3109,3135,2769,3132,2832,3153,3287,3245,3229,2875,3123,3136,3133,3268,3215,2677,3227,2849,2931,1954,2968,2664,2791,3066,3154,3255,2702,3269,3025,3265,2015,3050,3201,3104,3236,3298,3220,3140,2433,2960,3175,3289,3041,1838,3297,3284,2761,3208,3073,3266,3129,2665,3264,2935,2532,3296,3148,1585,1221,3288,2889,3270,3186,3212,3125,2650,3219,3231,2115,3281,3181,3285,2962,3092,3275,3286,3084,3290,3282,3293,3150,3090,3190,3086,2981,3110,3261,3294,3279,3280,3240,
generation 33: ,613.635,613.635,613.635,500,613.635,613.635,500,500,674.016,500,674.019,613.635,613.553,674.016,675.389,674.016,574.972,500,613.635,613.635,500,674.016,500,500,674.016,675.389,674.016,613.635,686.532,674.016,674.016,613.635,668.027,500,500,500,500,500,613.635,613.635,500,674.016,613.635,500,500,501.069,613.635,674.016,674.016,500,613.635,674.016,659.469,674.448,674.448,674.447,500,526.925,613.635,500,613.635,607.281,613.635,674.016,500,613.635,613.635,613.635,500,500,500,500,613.635,613.635,613.635,613.635,500,613.635,500,500,500,613.635,500,500,674.016,674.016,500,613.635,500,500,674.016,532.671,500,686.161,674.016,613.635,674.016,500,674.016,613.635,avg: ,588.202,ind: ,1954,fitness: ,686.532,bestPhenV:,0,individuals: ,3304,3024,3218,3087,2678,2424,3351,3230,2975,3109,3135,2769,3379,2832,3308,3287,3339,3313,2875,3123,3346,3133,3311,3382,2677,3303,2849,2931,1954,2968,2664,2791,3066,3154,3370,3388,3397,3399,3265,2015,3050,3201,3104,3395,3298,3337,3140,2433,2960,3355,3289,3041,1838,3347,3284,2761,3352,3073,3323,3357,2665,3327,2935,2532,3296,3383,1585,1221,3356,3334,3332,3372,3320,3125,2650,3219,3390,2115,3381,3181,3285,2962,3333,3275,3286,3084,3302,3282,3293,3367,3387,3190,3086,2981,3110,3386,3380,3394,3280,3240,
generation 34: ,613.635,613.635,613.635,613.635,613.635,613.635,500,500,674.016,544.385,674.019,613.635,613.553,674.016,675.389,674.016,574.972,500,613.635,613.635,500,674.016,526.925,500,674.016,675.389,674.016,674.016,686.532,674.016,674.016,613.635,668.027,613.635,500,500,500,613.635,613.635,613.635,500,674.016,613.635,500,500,501.069,613.635,674.016,674.016,500,613.635,674.016,659.469,674.448,674.448,674.447,613.635,526.925,613.635,500,613.635,607.281,613.635,674.016,500,613.635,613.635,613.635,500,500,500,500,613.635,613.635,613.635,613.635,500,613.635,500,500,500,613.635,613.635,500,674.016,674.016,500,613.635,500,500,674.016,532.671,500,686.161,674.016,613.635,674.016,500,674.016,613.635,avg: ,595.2,ind: ,1954,fitness: ,686.532,bestPhenV:,0,individuals: ,3304,3024,3218,3453,2678,2424,3410,3230,2975,3420,3135,2769,3379,2832,3308,3287,3339,3464,3473,3123,3409,3133,3474,3472,2677,3303,2849,3481,1954,2968,2664,2791,3066,3456,3370,3388,3397,3478,3265,2015,3050,3201,3104,3395,3402,3337,3140,2433,2960,3355,3289,3041,1838,3347,3284,2761,3496,3073,3323,3448,2665,3327,2935,2532,3495,3383,1585,1221,3428,3334,3443,3372,3320,3125,2650,3461,3475,2115,3460,3498,3285,2962,3458,3499,3286,3084,3302,3282,3293,3436,3387,3190,3439,2981,3110,3386,3380,3492,3280,3240,
generation 35: ,613.635,613.635,613.635,613.635,674.016,613.635,613.635,500,674.016,544.385,674.518,613.635,613.553,674.016,675.389,674.016,674.016,500,674.019,613.635,500,674.016,613.635,613.635,674.016,675.389,686.532,674.016,686.532,674.016,674.016,613.635,668.027,613.635,500,500,613.635,613.635,613.635,613.635,500,674.016,613.635,500,500,674.016,613.635,674.016,675.389,500,613.635,674.016,659.469,674.448,674.448,674.447,674.016,686.532,613.635,674.016,613.635,607.281,674.016,674.016,500,675.389,613.635,613.635,500,500,500,500,613.635,613.635,613.635,613.635,674.016,613.635,500,613.635,613.635,613.635,613.635,500,674.016,674.016,500,613.635,613.635,500,674.016,532.671,674.016,686.161,674.016,613.635,674.016,500,674.016,674.016,avg: ,616.203,ind: ,3580,fitness: ,686.532,bestPhenV:,0,individuals: ,3304,3541,3218,3453,3535,2424,3528,3230,2975,3420,3510,2769,3379,2832,3308,3287,3544,3590,3551,3123,3579,3548,3552,3527,2677,3303,3580,3481,1954,2968,3570,3573,3066,3456,3370,3585,3571,3478,3265,2015,3526,3201,3104,3504,3560,3516,3140,2433,3562,3514,3289,3041,1838,3347,3284,2761,3531,3594,3323,3529,3534,3327,3508,2532,3561,3545,1585,3525,3428,3518,3443,3372,3320,3125,2650,3461,3568,2115,3460,3588,3538,2962,3458,3499,3286,3084,3591,3282,3542,3436,3387,3190,3589,2981,3110,3386,3380,3539,3280,3524,
generation 36: ,613.635,613.635,613.635,674.016,674.016,613.635,613.635,500,674.016,544.385,674.518,613.635,613.553,674.016,675.389,686.161,674.016,674.448,674.019,613.635,500,674.016,613.635,613.635,675.389,675.389,686.532,675.389,686.532,674.016,674.016,613.635,668.027,686.532,500,500,613.635,613.635,674.016,640.195,500,674.016,613.635,500,500,674.016,613.635,674.016,675.389,500,613.635,674.016,674.016,674.448,686.532,674.447,674.016,686.532,613.635,675.389,613.635,674.016,674.016,674.016,544.385,675.389,613.635,613.635,674.448,500,544.385,500,613.635,613.635,613.635,613.635,674.016,613.635,675.389,613.635,613.635,640.195,674.016,613.635,674.016,674.016,675.389,613.635,613.635,685.859,674.016,613.635,674.016,686.161,674.016,613.635,674.016,500,674.016,674.016,avg: ,632.06,ind: ,3580,fitness: ,686.532,bestPhenV:,0,individuals: ,3304,3541,3218,3676,3535,3682,3528,3230,2975,3420,3510,2769,3379,2832,3308,3653,3544,3651,3551,3123,3579,3548,3616,3527,3675,3303,3580,3606,1954,2968,3570,3573,3066,3609,3370,3612,3571,3478,3666,3601,3526,3201,3693,3634,3560,3516,3640,3687,3562,3669,3289,3041,3636,3347,3664,2761,3531,3594,3323,3688,3686,3677,3508,2532,3646,3545,3673,3678,3699,3518,3620,3372,3320,3672,2650,3461,3568,2115,3670,3588,3689,3602,3652,3696,3286,3084,3695,3282,3603,3674,3387,3690,3685,2981,3110,3386,3380,3650,3280,3668,
generation 37: ,613.635,613.635,613.635,674.016,674.016,613.635,613.635,544.385,674.016,544.385,674.518,613.635,613.553,674.016,675.389,686.161,674.016,674.448,674.019,613.635,500,674.016,613.635,613.635,675.389,675.389,686.532,675.389,686.532,674.016,674.016,613.635,668.027,686.532,674.016,555.586,613.635,613.635,674.016,674.016,500,674.016,613.635,500,500,674.016,674.016,674.016,675.389,674.448,613.635,674.016,674.016,674.448,686.532,675.389,674.016,686.532,613.635,675.389,613.635,674.016,674.016,674.016,674.016,675.389,613.635,613.635,674.448,500,544.385,613.635,613.635,613.635,613.635,674.016,674.016,613.635,675.389,613.635,613.635,674.016,686.532,613.635,674.016,674.016,675.389,613.635,675.389,685.859,674.016,613.635,674.016,686.161,674.016,613.635,675.389,674.016,674.016,674.016,avg: ,643.367,ind: ,3580,fitness: ,686.532,bestPhenV:,0,individuals: ,3304,3541,3218,3676,3535,3682,3528,3776,3740,3420,3510,2769,3379,2832,3308,3653,3544,3651,3551,3123,3579,3548,3616,3527,3675,3303,3580,3606,1954,3711,3570,3736,3066,3609,3708,3722,3571,3703,3666,3737,3764,3201,3693,3790,3560,3516,3799,3687,3562,3704,3289,3041,3778,3347,3664,3774,3751,3594,3770,3688,3686,3677,3508,2532,3728,3545,3673,3678,3699,3518,3620,3762,3320,3672,2650,3705,3568,3702,3670,3588,3795,3775,3777,3696,3286,3084,3695,3282,3797,3674,3387,3690,3685,2981,3110,3386,3733,3773,3280,3668,
generation 38: ,613.635,613.635,613.635,674.016,674.016,613.635,613.635,544.385,674.016,674.016,674.518,613.635,613.553,674.016,675.389,686.161,675.389,674.448,674.019,613.635,661.365,674.016,613.635,613.635,675.389,675.389,686.532,675.389,686.532,674.016,674.016,613.635,668.027,686.532,674.016,613.635,674.016,674.016,674.016,675.389,613.553,674.016,613.635,511.378,674.016,674.016,674.016,674.016,675.389,674.448,674.016,674.016,674.016,674.448,686.532,675.389,674.016,686.532,667.113,675.389,613.635,674.016,674.448,674.016,674.016,675.389,613.635,675.389,674.448,674.016,544.385,613.635,674.016,613.635,613.635,674.016,674.016,674.016,675.389,674.016,613.635,674.016,686.532,613.635,674.016,674.016,675.389,613.635,675.389,685.859,674.016,613.635,674.016,686.161,674.016,674.016,675.389,674.016,685.871,674.016,avg: ,657.116,ind: ,3580,fitness: ,686.532,bestPhenV:,0,individuals: ,3304,3866,3878,3676,3813,3847,3528,3776,3740,3897,3510,3874,3379,3816,3308,3653,3806,3651,3551,3123,3861,3887,3852,3527,3896,3303,3580,3606,1954,3711,3818,3736,3066,3609,3708,3871,3817,3802,3666,3830,3876,3201,3693,3807,3882,3516,3799,3881,3562,3704,3851,3041,3827,3347,3664,3774,3751,3594,3859,3688,3686,3886,3800,3828,3728,3805,3673,3838,3699,3883,3620,3762,3884,3869,2650,3705,3568,3811,3670,3858,3880,3775,3777,3848,3286,3844,3695,3282,3797,3674,3822,3690,3685,2981,3110,3809,3733,3773,3801,3824,
generation 39: ,613.635,613.635,674.447,674.016,674.016,613.635,675.389,544.385,674.016,674.016,674.518,613.635,613.635,674.016,675.389,686.161,675.389,674.448,674.019,613.635,674.016,674.016,613.635,613.635,675.389,675.389,686.532,685.859,686.532,674.016,674.016,613.635,674.016,686.532,674.016,613.635,674.016,674.016,674.016,675.389,675.389,674.016,613.635,511.378,674.016,675.389,675.389,674.016,675.389,674.448,674.016,674.016,674.016,674.448,686.532,675.389,675.389,686.532,667.113,675.389,674.016,674.016,674.448,675.389,674.448,675.389,674.016,675.389,674.448,674.016,613.553,674.016,674.016,613.635,674.016,675.389,674.016,674.016,675.389,675.389,613.635,674.016,686.532,613.635,674.016,674.016,675.389,613.635,675.389,685.859,674.016,613.635,675.389,686.161,674.016,674.016,675.389,674.016,685.871,674.016,avg: ,662.459,ind: ,3580,fitness: ,686.532,bestPhenV:,0,individuals: ,3304,3866,3917,3935,3813,3847,3921,3776,3909,3897,3510,3975,3955,3816,3308,3653,3806,3651,3551,3952,3991,3887,3852,3527,3896,3303,3580,3981,1954,3914,3818,3942,3924,3609,3941,3871,3817,3802,3944,3830,3900,3201,3693,3807,3882,3980,3948,3976,3562,3704,3851,3934,3827,3347,3664,3774,3901,3594,3859,3688,3910,3886,3800,3928,3951,3805,3950,3838,3699,3883,3911,3977,3999,3869,3940,3902,3568,3811,3670,3922,3880,3943,3777,3848,3286,3844,3913,3282,3797,3674,3929,3933,3949,2981,3938,3809,3733,3773,3801,3824,
generation 40: ,674.016,613.635,674.447,675.389,686.532,686.245,675.389,685.859,674.016,674.016,674.518,613.635,613.635,674.016,675.389,686.161,675.389,674.448,674.019,613.635,674.016,674.016,613.635,686.161,675.389,675.389,686.532,685.859,686.532,674.016,674.016,613.635,674.016,686.532,674.016,613.635,674.016,674.016,674.016,675.389,675.389,674.019,674.016,511.378,674.016,675.389,675.389,675.389,675.389,674.448,674.016,674.016,674.016,674.448,686.532,675.389,675.389,686.532,667.113,675.389,674.016,674.016,674.448,675.389,674.448,675.389,674.016,675.389,675.389,674.016,613.635,674.016,674.016,613.635,675.389,675.389,686.532,674.016,675.389,675.389,674.016,674.016,686.532,674.016,674.016,674.016,675.389,613.635,675.389,685.859,674.016,674.016,675.389,686.161,674.016,674.016,675.389,674.016,685.871,674.016,avg: ,668.646,ind: ,4035,fitness: ,686.532,bestPhenV:,0,individuals: ,4018,3866,3917,4071,4035,4025,3921,4057,3909,3897,3510,3975,3955,4030,3308,3653,4031,3651,3551,3952,3991,3887,3852,4041,3896,3303,3580,3981,1954,3914,3818,3942,3924,3609,4067,3871,3817,3802,4038,3830,3900,4046,4045,3807,3882,3980,3948,4097,3562,3704,3851,4036,3827,4039,3664,3774,3901,3594,3859,3688,3910,3886,3800,3928,3951,3805,3950,3838,4078,3883,4027,3977,3999,3869,4005,3902,4087,3811,3670,3922,4084,3943,3777,4095,4054,3844,4068,3282,3797,3674,3929,4001,3949,2981,4096,3809,3733,3773,3801,3824,
generation 41: ,674.016,613.635,674.447,675.389,686.532,686.245,675.389,685.859,674.016,674.016,674.518,675.389,674.016,685.859,675.389,686.161,675.389,674.448,674.019,613.635,675.389,674.016,674.447,686.161,675.389,675.389,686.532,685.859,686.532,674.016,674.016,674.016,674.016,686.532,674.016,613.635,674.019,675.389,674.016,675.389,675.389,674.019,674.016,511.378,674.016,675.389,675.389,675.389,675.389,675.389,674.016,674.016,674.016,674.448,686.532,675.389,675.389,686.532,667.113,675.389,674.016,674.016,674.448,675.389,675.389,685.859,674.016,675.389,675.389,674.016,674.016,674.016,674.016,675.389,675.389,675.389,686.532,686.532,675.389,675.389,674.016,674.016,686.532,674.016,674.016,674.016,675.389,674.019,675.389,685.859,674.016,674.016,675.389,686.161,674.016,674.016,675.389,675.389,685.871,674.016,avg: ,673.313,ind: ,4035,fitness: ,686.532,bestPhenV:,0,individuals: ,4018,3866,3917,4071,4035,4025,3921,4057,3909,3897,3510,4160,4127,4107,3308,3653,4031,3651,3551,3952,4137,3887,4186,4041,3896,3303,3580,3981,1954,3914,3818,4159,3924,4134,4067,3871,4114,4164,4038,3830,3900,4046,4045,3807,4180,3980,3948,4097,3562,4191,3851,4036,4187,4039,3664,3774,3901,3594,3859,4138,3910,3886,3800,3928,4190,4152,3950,3838,4078,4149,4153,3977,3999,4198,4005,3902,4087,4110,3670,4166,4084,3943,3777,4103,4054,3844,4068,4126,4135,3674,3929,4147,3949,2981,4148,3809,3733,4163,3801,4133,
generation 42: ,674.016,1329.75,674.447,675.389,686.532,686.532,675.389,685.859,675.389,674.545,675.389,675.389,674.447,685.859,675.389,686.161,675.389,674.448,674.019,613.635,675.389,674.016,675.389,686.161,675.389,675.389,686.532,685.859,686.532,674.016,675.389,674.447,686.532,686.532,685.898,674.016,674.019,675.389,685.859,675.389,675.389,674.019,675.389,674.016,675.389,686.532,685.664,675.389,686.532,686.161,675.389,675.389,675.389,674.448,686.532,675.389,675.962,686.532,667.113,675.389,674.016,675.389,674.448,675.389,675.389,685.859,674.016,675.389,675.389,674.016,685.859,674.016,674.016,685.859,675.389,675.389,686.532,686.532,675.389,675.389,674.016,674.016,686.532,674.016,675.389,674.016,675.389,674.019,675.389,685.859,674.016,686.161,675.389,686.161,674.016,674.016,675.389,675.389,685.871,674.433,avg: ,684.013,ind: ,4230,fitness: ,1329.75,bestPhenV:,0,individuals: ,4018,4230,3917,4071,4035,4208,4202,4057,4272,4281,4261,4160,4229,4107,3308,3653,4031,3651,3551,3952,4137,4294,4277,4041,3896,4241,3580,3981,1954,3914,4239,4262,4284,4134,4240,4256,4114,4164,4221,4270,3900,4046,4250,4295,4292,4276,4286,4097,4257,4265,4212,4220,4255,4039,3664,3774,4298,3594,3859,4138,4275,4278,3800,4231,4190,4152,3950,3838,4078,4149,4280,3977,4291,4217,4005,3902,4087,4110,3670,4283,4084,3943,3777,4103,4234,3844,4259,4126,4135,3674,3929,4269,3949,2981,4264,3809,3733,4163,3801,4209,
generation 43: ,674.016,1329.75,674.447,675.389,686.532,686.532,675.389,685.859,675.389,674.545,686.44,675.389,674.447,685.859,675.389,686.161,675.389,674.448,674.019,675.389,675.389,1007.97,675.389,686.161,675.389,675.389,686.532,685.859,686.532,674.016,675.389,674.447,686.532,940.538,685.898,674.016,674.019,686.532,685.859,675.389,675.389,674.019,675.389,674.448,675.389,686.532,685.859,686.532,686.532,686.161,675.389,675.389,686.532,686.532,686.532,675.389,686.532,686.532,667.113,675.389,674.016,675.389,686.532,686.532,675.389,685.859,674.448,675.389,675.389,685.934,685.859,675.389,674.016,685.859,675.389,675.389,686.532,686.532,675.389,675.389,685.864,674.016,686.532,674.016,675.389,674.016,675.389,675.389,675.389,685.859,686.161,686.161,675.389,686.161,674.448,674.016,675.389,675.389,685.871,675.389,avg: ,691.825,ind: ,4230,fitness: ,1329.75,bestPhenV:,0,individuals: ,4018,4230,3917,4071,4035,4208,4341,4057,4272,4281,4372,4160,4229,4107,3308,3653,4031,3651,3551,4349,4137,4306,4277,4041,3896,4241,3580,3981,1954,3914,4239,4262,4284,4367,4240,4256,4114,4338,4221,4270,3900,4046,4250,4383,4292,4276,4346,4310,4257,4265,4399,4220,4382,4336,3664,3774,4344,3594,3859,4138,4275,4278,4324,4381,4359,4152,4389,3838,4078,4394,4280,4373,4357,4217,4005,3902,4087,4110,3670,4283,4351,3943,3777,4354,4234,3844,4259,4355,4135,3674,4320,4269,3949,2981,4377,3809,3733,4163,3801,4353,
generation 44: ,674.448,1329.75,674.447,686.532,686.532,686.532,675.389,686.532,685.864,674.545,686.44,675.389,674.447,685.859,675.389,686.161,675.389,675.389,674.019,675.389,675.389,1007.97,685.859,686.161,675.389,675.389,686.532,685.859,686.532,674.016,675.389,674.447,686.532,940.538,685.898,674.016,674.019,686.532,685.859,675.389,675.389,674.019,675.389,675.389,675.389,686.532,686.44,686.532,686.532,686.532,675.389,675.389,686.532,686.532,686.532,675.389,686.532,686.532,667.113,675.389,686.532,685.859,686.532,686.532,686.532,685.859,675.389,675.389,675.389,686.532,685.859,686.532,675.389,686.532,685.859,675.389,686.532,686.532,675.389,675.389,685.864,674.016,686.532,674.016,675.389,674.016,675.389,675.389,675.389,685.859,686.161,686.161,675.389,686.161,685.859,675.389,675.389,675.389,685.871,675.389,avg: ,692.906,ind: ,4230,fitness: ,1329.75,bestPhenV:,0,individuals: ,4439,4230,3917,4413,4035,4208,4474,4435,4422,4281,4372,4160,4229,4107,3308,3653,4441,4414,3551,4444,4137,4306,4461,4041,4404,4241,3580,3981,1954,3914,4239,4262,4284,4367,4240,4400,4114,4338,4221,4270,4496,4046,4250,4401,4292,4276,4482,4310,4257,4415,4399,4220,4382,4336,3664,3774,4344,4437,3859,4452,4433,4481,4324,4381,4430,4152,4440,3838,4475,4498,4280,4431,4416,4460,4428,3902,4087,4424,4456,4283,4351,3943,3777,4354,4234,3844,4259,4355,4488,3674,4320,4269,4446,2981,4497,4463,3733,4163,3801,4353,
generation 45: ,674.448,1329.75,686.532,686.532,686.532,686.532,675.389,686.532,685.864,674.545,686.44,675.389,674.447,685.864,675.389,686.161,675.389,686.532,675.389,675.389,675.389,1007.97,685.859,686.161,675.389,675.389,686.532,686.532,686.532,674.019,675.389,674.447,686.532,940.538,685.898,686.532,674.019,686.532,685.859,1007.97,675.389,675.389,675.389,675.389,675.389,686.532,686.44,686.532,686.532,686.532,686.532,675.389,686.532,686.532,686.532,675.389,686.532,686.532,667.113,675.389,785.084,685.859,686.532,686.532,686.532,685.859,675.389,675.389,686.532,686.532,685.859,686.532,675.389,686.532,685.859,685.859,686.532,686.532,686.532,675.389,685.864,675.389,686.532,675.389,675.389,674.016,675.389,675.389,675.389,685.859,686.161,686.161,675.389,686.161,685.859,675.389,685.859,686.161,685.871,675.389,avg: ,698.288,ind: ,4230,fitness: ,1329.75,bestPhenV:,0,individuals: ,4439,4230,4525,4413,4035,4208,4474,4435,4422,4281,4372,4589,4229,4578,3308,3653,4441,4594,4503,4444,4137,4306,4461,4041,4404,4241,3580,4560,1954,4579,4239,4262,4284,4367,4240,4548,4505,4338,4221,4521,4496,4569,4250,4401,4292,4276,4482,4310,4257,4415,4514,4220,4382,4336,3664,3774,4344,4437,3859,4452,4537,4481,4324,4381,4430,4152,4440,3838,4554,4498,4280,4431,4416,4460,4428,4583,4087,4424,4595,4283,4351,4513,3777,4564,4504,3844,4259,4355,4488,3674,4320,4269,4446,2981,4597,4463,4585,4588,3801,4353,
generation 46: ,685.859,1329.75,686.532,686.532,686.532,686.532,675.389,686.532,685.864,685.859,686.532,675.389,674.447,685.864,686.532,686.161,675.389,686.532,675.389,675.389,675.389,1007.97,685.859,686.161,675.389,675.389,686.532,686.532,686.532,674.019,675.389,674.447,686.532,940.538,685.898,686.532,675.389,686.532,685.859,1007.97,675.389,675.389,675.389,675.389,675.389,686.532,686.44,686.532,686.532,686.532,686.532,675.389,686.532,686.532,686.532,675.389,686.532,686.532,674.403,675.389,785.084,685.859,686.532,686.532,686.532,1007.97,675.389,675.389,686.532,686.532,685.859,686.532,675.389,686.532,686.532,685.859,686.532,686.532,686.532,675.389,685.864,675.389,686.532,675.389,675.389,686.161,675.389,675.389,686.532,685.859,686.161,686.161,675.389,686.161,685.859,686.532,685.859,686.161,685.871,675.389,avg: ,702.286,ind: ,4230,fitness: ,1329.75,bestPhenV:,0,individuals: ,4690,4230,4525,4413,4035,4208,4474,4435,4422,4618,4697,4691,4229,4578,4643,3653,4678,4594,4503,4444,4689,4306,4461,4041,4404,4241,3580,4624,1954,4579,4619,4262,4626,4367,4240,4548,4647,4338,4221,4521,4658,4569,4250,4679,4292,4276,4482,4310,4257,4615,4514,4220,4695,4336,3664,3774,4344,4437,4685,4686,4537,4481,4324,4381,4430,4657,4440,3838,4554,4498,4280,4431,4698,4649,4614,4583,4087,4424,4595,4283,4351,4660,3777,4629,4504,4683,4259,4355,4659,3674,4320,4269,4446,2981,4597,4612,4585,4588,3801,4353,
generation 47: ,685.859,1329.75,686.532,705.627,686.532,686.532,675.389,686.532,685.864,686.161,686.532,685.859,686.532,701.254,686.532,686.161,1007.97,686.532,691.061,675.389,675.389,1007.97,685.859,686.532,686.532,675.389,686.532,686.532,686.532,675.389,675.389,674.447,686.532,940.538,685.898,686.532,675.389,686.532,685.859,1007.97,685.859,675.389,675.389,675.389,675.389,686.532,686.44,686.532,686.532,686.532,686.532,675.389,1007.97,686.532,686.532,675.389,686.532,686.532,674.403,675.389,785.084,685.859,686.532,686.532,686.532,1007.97,685.859,685.859,686.532,686.532,685.859,686.532,675.389,686.532,686.532,685.859,686.532,686.532,686.532,675.389,685.864,675.389,686.532,675.389,675.389,686.161,1215.26,675.389,686.532,685.859,686.161,686.161,675.389,686.161,685.859,686.532,685.859,686.161,685.871,675.389,avg: ,715.398,ind: ,4230,fitness: ,1329.75,bestPhenV:,0,individuals: ,4745,4230,4525,4767,4035,4208,4780,4435,4422,4789,4697,4764,4732,4765,4643,3653,4755,4594,4774,4444,4689,4306,4461,4735,4712,4241,3580,4624,1954,4704,4737,4262,4626,4367,4240,4548,4647,4338,4221,4521,4720,4569,4250,4679,4292,4754,4482,4310,4257,4615,4514,4220,4742,4336,3664,3774,4344,4725,4685,4686,4537,4481,4324,4381,4430,4657,4763,4786,4554,4498,4280,4431,4760,4649,4614,4583,4773,4424,4595,4283,4351,4660,3777,4629,4504,4683,4738,4730,4659,4769,4320,4269,4446,2981,4597,4612,4585,4588,3801,4746,
generation 48: ,685.859,1329.75,686.532,705.627,686.532,686.532,686.161,686.532,685.864,686.161,686.532,685.859,686.532,701.254,686.532,686.161,1007.97,686.532,691.061,685.859,675.389,1007.97,686.532,686.532,686.532,685.859,686.532,686.532,686.532,675.389,675.389,674.447,686.532,940.538,685.898,977.098,686.532,686.532,685.859,1007.97,686.161,675.389,686.532,686.44,685.859,686.532,686.532,686.532,686.532,686.532,686.532,675.389,1007.97,686.532,686.532,675.389,686.532,686.532,675.389,675.389,785.084,685.859,686.532,686.532,686.532,1007.97,686.161,685.859,686.532,686.532,685.859,686.532,686.161,686.532,686.532,1329.75,1329.75,686.532,686.532,685.859,685.864,686.161,686.532,685.458,685.859,686.532,1215.26,675.389,686.532,879.299,690.388,686.161,675.389,686.161,686.532,686.532,685.859,686.161,685.871,685.864,avg: ,734.571,ind: ,4230,fitness: ,1329.75,bestPhenV:,0,individuals: ,4745,4230,4525,4767,4035,4208,4819,4435,4422,4789,4697,4764,4732,4765,4643,3653,4755,4594,4774,4815,4839,4306,4863,4735,4712,4831,3580,4624,1954,4704,4737,4262,4826,4367,4240,4820,4874,4338,4897,4521,4806,4569,4824,4896,4872,4754,4858,4310,4861,4615,4514,4220,4742,4336,3664,3774,4344,4825,4823,4891,4537,4481,4883,4381,4864,4657,4810,4786,4554,4498,4848,4431,4888,4649,4614,4834,4813,4424,4595,4802,4351,4865,3777,4879,4811,4814,4738,4730,4659,4873,4885,4269,4446,2981,4862,4612,4585,4588,3801,4837,
generation 49: ,685.859,1329.75,686.532,705.627,686.532,686.532,686.161,686.532,685.864,686.161,686.532,686.161,686.532,701.254,1007.97,686.161,1007.97,686.532,691.061,686.532,675.389,1007.97,686.532,686.532,686.532,685.859,686.532,686.532,686.532,675.389,675.389,675.389,686.532,940.538,685.898,977.098,686.532,686.532,686.532,1007.97,705.724,686.532,686.532,686.44,685.859,686.532,686.532,686.532,686.532,686.532,686.532,675.389,1007.97,686.532,686.532,675.389,686.532,967.244,675.389,675.389,785.084,685.859,686.532,686.532,686.532,1007.97,686.161,685.859,686.532,686.532,685.859,686.532,686.161,686.532,686.532,1329.75,1329.75,686.532,686.532,685.859,685.864,686.161,686.532,1215.26,685.859,686.532,1215.26,675.389,686.532,1329.75,690.388,686.161,686.44,686.161,686.532,686.532,799.761,686.161,686.161,686.532,avg: ,751.987,ind: ,4230,fitness: ,1329.75,bestPhenV:,0,individuals: ,4745,4230,4999,4767,4035,4208,4819,4435,4422,4789,4697,4918,4732,4765,4948,3653,4755,4594,4774,4938,4995,4306,4863,4735,4712,4831,3580,4624,4958,4704,4737,4903,4826,4367,4240,4820,4874,4338,4904,4521,4946,4966,4824,4896,4872,4754,4858,4310,4861,4905,4514,4220,4742,4336,3664,3774,4910,4990,4823,4891,4537,4481,4883,4381,4864,4657,4810,4786,4972,4498,4848,4965,4888,4649,4951,4834,4813,4424,4595,4963,4351,4865,4901,4973,4811,4814,4738,4730,4659,4994,4885,4269,4960,2981,4862,4912,4923,4588,4993,4959,
generation 50: ,685.859,1329.75,686.532,705.627,686.532,1007.97,686.161,686.532,686.161,686.161,686.532,686.161,686.532,701.254,1007.97,1007.97,1007.97,686.532,691.061,686.532,685.859,1007.97,686.532,686.532,686.532,685.864,686.532,686.532,686.532,879.299,675.389,686.161,686.532,940.538,685.898,977.098,686.532,686.532,686.532,1007.97,705.724,686.532,1021.58,880.873,686.161,686.532,686.532,1215.26,686.532,686.532,686.532,675.389,1007.97,686.532,686.532,675.389,686.532,967.244,686.532,1215.26,785.084,685.859,1028.99,1275.5,686.532,1007.97,686.161,685.859,880.873,686.532,685.859,686.532,879.299,686.532,686.532,1329.75,1329.75,686.532,686.532,686.532,685.864,686.161,686.532,1215.26,685.859,686.532,1215.26,675.389,686.532,1329.75,690.388,686.161,686.44,686.328,686.532,686.532,799.761,686.161,686.532,686.532,avg: ,789.971,ind: ,4230,fitness: ,1329.75,bestPhenV:,0,individuals: ,5090,4230,4999,4767,4035,5062,4819,4435,5046,4789,4697,4918,4732,4765,4948,5030,4755,4594,4774,5023,5068,4306,5011,4735,5053,5070,3580,4624,5058,5033,4737,5071,5055,4367,4240,4820,4874,4338,4904,4521,4946,5065,5061,5029,5074,4754,5045,5022,4861,5044,4514,4220,4742,4336,3664,5016,4910,4990,5075,5031,4537,4481,5034,5007,4864,4657,4810,4786,5063,4498,5012,4965,5009,4649,4951,4834,4813,4424,4595,5041,4351,4865,4901,4973,4811,5059,4738,5008,4659,4994,4885,4269,4960,5073,4862,5039,4923,4588,5027,4959,
generation 51: ,686.532,1329.75,760.342,705.627,686.532,1007.97,686.532,1215.26,686.161,686.532,686.532,686.161,686.532,701.254,1007.97,1007.97,1007.97,686.532,691.061,686.532,685.859,1007.97,686.532,686.532,686.532,685.864,1028.99,1345.61,1215.26,879.299,686.532,686.161,974.845,940.538,685.898,977.098,686.532,686.532,686.532,1007.97,705.724,686.532,1021.58,880.873,686.161,686.532,686.532,1215.26,686.532,686.532,686.532,686.44,1007.97,686.532,686.532,675.389,686.532,974.306,760.342,1215.26,785.084,686.532,1215.26,1275.5,686.532,1007.97,686.161,686.161,880.873,686.532,940.538,686.532,879.299,686.532,686.532,1329.75,1329.75,686.532,879.299,686.532,685.864,686.161,686.532,1215.26,686.44,686.532,1215.26,686.44,686.532,1329.75,690.388,686.161,686.44,879.299,759.605,686.532,799.761,686.161,686.532,686.532,avg: ,824.35,ind: ,5199,fitness: ,1345.61,bestPhenV:,0,individuals: ,5170,4230,5169,4767,4035,5062,5162,5145,5046,5176,4697,4918,4732,4765,4948,5030,4755,5154,4774,5023,5068,4306,5011,4735,5187,5070,5190,5199,5164,5033,5148,5071,5134,4367,4240,4820,4874,4338,4904,4521,4946,5065,5061,5029,5074,4754,5045,5022,5163,5044,4514,5153,4742,4336,3664,5016,5129,5135,5132,5031,4537,5119,5180,5007,4864,4657,4810,5138,5063,4498,5105,4965,5009,5143,5189,4834,4813,4424,5116,5041,4351,4865,4901,4973,5158,5126,4738,5152,5192,4994,4885,4269,4960,5186,5122,5039,4923,4588,5027,4959,
generation 52: ,705.724,1329.75,760.342,705.627,686.532,1007.97,686.532,1215.26,686.161,1006.67,1215.26,686.161,1006.67,701.254,1007.97,1007.97,1007.97,686.532,1215.26,879.299,894.388,1007.97,686.532,686.532,1215.26,879.299,1028.99,1345.61,1215.26,879.299,1007.97,686.161,974.845,940.538,685.898,977.098,879.299,686.532,1215.26,1007.97,880.873,883.865,1021.58,880.873,880.873,686.532,686.532,1215.26,1028.99,686.532,1007.97,686.44,1007.97,686.532,879.299,1215.26,1007.97,1215.26,760.342,1215.26,785.084,686.532,1215.26,1275.5,686.532,1007.97,686.532,686.529,880.873,686.532,940.538,686.532,879.299,686.532,686.532,1329.75,1329.75,686.532,880.873,686.532,686.161,690.56,686.532,1215.26,686.47,686.532,1215.26,1007.97,686.532,1329.75,690.388,686.47,977.098,879.299,759.605,686.532,799.761,686.532,686.532,686.532,avg: ,894.599,ind: ,5199,fitness: ,1345.61,bestPhenV:,0,individuals: ,5283,4230,5169,4767,4035,5062,5162,5145,5046,5256,5296,4918,5233,4765,4948,5030,4755,5225,5278,5279,5282,4306,5011,4735,5210,5241,5190,5199,5164,5033,5255,5071,5134,4367,4240,4820,5238,4338,5207,4521,5218,5221,5061,5029,5228,4754,5205,5022,5294,5044,5203,5153,4742,4336,5272,5204,5243,5208,5132,5031,4537,5119,5180,5007,4864,4657,5297,5251,5063,4498,5105,4965,5009,5299,5189,4834,4813,5219,5212,5041,5231,5266,4901,4973,5257,5237,4738,5275,5280,4994,4885,5253,5202,5186,5122,5039,4923,5285,5263,4959,
generation 53: ,705.724,1329.75,760.342,705.627,871.367,1007.97,883.865,1215.26,686.161,1007.97,1215.26,686.161,1006.67,701.254,1007.97,1007.97,1007.97,1215.26,1215.26,879.299,894.388,1007.97,991.394,1215.26,1215.26,879.299,1028.99,1345.61,1215.26,880.873,1007.97,940.538,974.845,940.538,879.299,977.098,879.299,686.532,1215.26,1007.97,880.873,883.865,1021.58,880.873,880.873,1007.97,686.532,1215.26,1028.99,860.351,1007.97,1215.26,1007.97,686.532,879.299,1215.26,1007.97,1215.26,1356.09,1215.26,879.299,826.873,1215.26,1275.5,686.532,1007.97,1231.17,872.779,880.873,952.417,940.538,686.532,879.299,797.08,1117.05,1329.75,1329.75,686.532,880.873,1028.99,1007.97,734.848,686.532,1215.26,686.47,686.532,1215.26,1007.97,973.153,1329.75,690.388,686.47,977.098,879.299,759.605,1249.75,940.538,815.742,709.593,686.532,avg: ,968.987,ind: ,5345,fitness: ,1356.09,bestPhenV:,0,individuals: ,5283,4230,5169,4767,5381,5062,5326,5145,5046,5344,5296,5348,5233,4765,4948,5030,4755,5328,5278,5279,5282,4306,5316,5395,5210,5241,5190,5199,5164,5305,5255,5385,5134,4367,5374,4820,5238,4338,5207,4521,5218,5221,5061,5029,5228,5378,5205,5353,5294,5354,5203,5389,4742,4336,5272,5362,5243,5208,5345,5031,5347,5300,5180,5007,4864,4657,5379,5341,5063,5366,5105,4965,5009,5387,5314,4834,4813,5219,5212,5301,5335,5333,4901,4973,5257,5237,4738,5275,5393,4994,4885,5253,5202,5186,5122,5318,5382,5307,5399,4959,
generation 54: ,880.873,1329.75,760.342,785.084,940.538,1007.97,1007.97,1215.26,871.189,1007.97,1215.26,806.759,1006.67,701.254,1007.97,1007.97,1007.97,1215.26,1215.26,879.299,894.388,1007.97,991.394,1215.26,1215.26,879.299,1028.99,1345.61,1215.26,880.873,1007.97,940.538,974.845,940.538,879.299,1215.26,940.538,686.532,1215.26,1215.26,880.873,888.69,1021.58,880.873,880.873,1007.97,686.532,1215.26,1028.99,940.538,1007.97,1215.26,1007.97,777.387,879.299,1215.26,1007.97,1215.26,1356.09,1215.26,991.394,826.873,1215.26,1275.5,686.532,1007.97,1231.17,1215.26,880.873,952.417,940.538,686.532,879.299,797.08,1117.05,1329.75,1329.75,686.532,880.873,1028.99,1007.97,839.144,868.11,1215.26,686.47,880.873,1215.26,1007.97,973.153,1329.75,1215.26,691.903,977.098,1356.09,822.678,1249.75,940.538,815.742,709.593,686.532,avg: ,1003.4,ind: ,5345,fitness: ,1356.09,bestPhenV:,0,individuals: ,5499,4230,5169,5491,5416,5062,5470,5145,5426,5344,5296,5400,5233,4765,4948,5030,4755,5328,5278,5279,5282,4306,5316,5395,5210,5241,5190,5199,5164,5305,5255,5385,5134,4367,5374,5485,5446,4338,5207,5486,5218,5475,5061,5437,5228,5378,5205,5353,5294,5420,5203,5389,4742,5454,5272,5362,5468,5208,5345,5031,5472,5300,5180,5007,4864,4657,5379,5482,5490,5366,5105,4965,5009,5387,5314,4834,4813,5219,5212,5301,5335,5436,5474,4973,5257,5443,4738,5275,5393,4994,5484,5463,5202,5438,5440,5318,5382,5307,5399,4959,
generation 55: ,1007.97,1329.75,760.342,785.084,991.394,1007.97,1018.32,1215.26,879.299,1007.97,1215.26,974.306,1006.67,1215.26,1007.97,1007.97,1028.99,1215.26,1215.26,1345.61,1215.26,1007.97,1215.26,1215.26,1215.26,879.299,1028.99,1345.61,1215.26,880.873,1018.32,940.538,1356.09,940.538,1215.26,1215.26,1007.97,1215.26,1215.26,1215.26,1215.26,888.69,1215.26,1007.97,940.538,1007.97,879.299,1215.26,1028.99,940.538,1007.97,1215.26,1007.97,880.873,1007.97,1215.26,1007.97,1215.26,1356.09,1215.26,991.394,1215.26,1215.26,1275.5,1007.97,1345.61,1231.17,1215.26,1215.26,952.417,940.538,872.779,879.299,880.873,1117.05,1329.75,1329.75,1007.97,977.098,1028.99,1007.97,839.144,953.109,1215.26,1006.67,880.873,1215.26,1007.97,1007.97,1329.75,1345.61,712.365,1215.26,1356.09,822.678,1249.75,940.538,974.234,1215.26,1007.97,avg: ,1085.97,ind: ,5500,fitness: ,1356.09,bestPhenV:,0,individuals: ,5599,4230,5169,5491,5503,5062,5513,5145,5564,5344,5296,5550,5233,5576,4948,5030,5573,5566,5278,5531,5535,4306,5562,5395,5210,5241,5190,5199,5164,5305,5565,5385,5500,4367,5577,5485,5529,5578,5207,5486,5508,5475,5501,5537,5538,5378,5532,5353,5294,5420,5203,5389,4742,5594,5571,5362,5468,5208,5345,5031,5472,5544,5180,5007,5586,5527,5379,5482,5502,5366,5105,5554,5009,5555,5314,4834,4813,5580,5553,5301,5335,5436,5563,4973,5524,5443,4738,5275,5593,4994,5530,5583,5590,5438,5440,5318,5382,5551,5504,5582,
generation 56: ,1007.97,1329.75,760.342,1215.26,991.394,1007.97,1018.32,1215.26,940.538,1007.97,1215.26,974.306,1007.97,1215.26,1215.26,1007.97,1028.99,1215.26,1215.26,1345.61,1215.26,1007.97,1215.26,1215.26,1215.26,879.299,1028.99,1345.61,1215.26,883.865,1018.32,1345.61,1356.09,940.538,1215.26,1215.26,1215.26,1329.75,1215.26,1215.26,1215.26,888.69,1215.26,1007.97,940.538,1018.32,880.873,1215.26,1028.99,1215.17,1329.75,1215.26,1007.97,880.873,1215.17,1215.26,1007.97,1215.26,1356.09,1215.26,991.394,1215.26,1215.26,1275.5,1007.97,1345.61,1231.17,1215.26,1215.26,1215.17,940.538,872.779,879.299,880.873,1117.05,1329.75,1329.75,1007.97,977.098,1028.99,1007.97,940.538,953.109,1215.26,1006.67,880.873,1215.26,1007.97,1007.97,1329.75,1345.61,1329.75,1215.26,1356.09,822.678,1249.75,940.538,1329.75,1215.26,1007.97,avg: ,1121.8,ind: ,5645,fitness: ,1356.09,bestPhenV:,0,individuals: ,5599,4230,5169,5633,5637,5062,5513,5145,5661,5344,5296,5550,5695,5576,5653,5030,5573,5566,5667,5531,5535,4306,5562,5395,5210,5241,5190,5199,5164,5655,5565,5685,5645,4367,5577,5485,5610,5632,5207,5486,5508,5475,5501,5537,5538,5625,5696,5353,5294,5617,5644,5389,5643,5594,5618,5362,5468,5208,5345,5031,5472,5544,5180,5007,5586,5527,5379,5482,5502,5620,5105,5554,5009,5555,5314,4834,4813,5580,5553,5301,5335,5665,5563,4973,5524,5443,4738,5275,5593,4994,5530,5651,5590,5438,5440,5318,5382,5630,5504,5582,
