,robot index,width,depth,height,voxels,wheels,sensors,limbs,casters,norm,skeleton norm,components norm,replicate_index,replicate,environment,encoding,parent 1,parent 2,evaluation time,time,fitness
800,4415,0.545455,0.909091,0.454545,0.103681,5.0,1.0,2.0,0.0,1.207690361844459,1.1581573770830975,0.3423265984407288,4139,/media/leni/DATADRIVE1/gecco_2026/meim_sq_cracks/meim_sq_cracks_19_0_15-36-54-4386-981102137,cracks,SQ_CPPN,1113,-1,0.11962124194444444,4.3167950675,0.203125
801,4115,0.545455,0.909091,0.545455,0.111946,4.0,1.0,2.0,0.0,1.2312806005322263,1.1975060197122185,0.28641098093474,3862,/media/leni/DATADRIVE1/gecco_2026/meim_sq_cracks/meim_sq_cracks_19_0_15-36-54-4386-981102137,cracks,SQ_CPPN,3986,-1,0.045627586666666664,3.9636031213888887,0.148438
802,5911,0.545455,0.909091,0.0909091,0.0300526,3.0,0.0,4.0,0.0,1.109410418436554,1.0644882463116114,0.3125,5542,/media/leni/DATADRIVE1/gecco_2026/meim_sq_cracks/meim_sq_cracks_19_0_15-36-54-4386-981102137,cracks,SQ_CPPN,4085,-1,0.10245437472222223,5.714379665555556,0.148438
803,9063,0.727273,0.909091,0.0909091,0.0375657,2.0,0.0,2.0,4.0,1.207807148964312,1.1683527331629349,0.30618621784789724,8549,/media/leni/DATADRIVE1/gecco_2026/meim_sq_cracks/meim_sq_cracks_19_0_15-36-54-4386-981102137,cracks,SQ_CPPN,2475,-1,0.11443500083333333,8.684669398055556,0.148438
804,10324,0.545455,0.909091,0.0909091,0.0315552,2.0,0.0,2.0,3.0,1.095278068992459,1.0645317272941424,0.2576941016011038,9715,/media/leni/DATADRIVE1/gecco_2026/meim_sq_cracks/meim_sq_cracks_19_0_15-36-54-4386-981102137,cracks,SQ_CPPN,8684,-1,0.0514371975,9.928512240555555,0.148438
805,2751,0.545455,0.909091,0.0909091,0.0375657,2.0,0.0,4.0,1.0,1.1025763010265095,1.0647268427091054,0.28641098093474,2569,/media/leni/DATADRIVE1/gecco_2026/meim_sq_cracks/meim_sq_cracks_19_0_15-36-54-4386-981102137,cracks,SQ_CPPN,924,-1,0.07220053611111112,2.8789976758333333,0.148438
806,8684,0.727273,0.909091,0.0,0.0270473,2.0,0.0,2.0,4.0,1.2040988411452318,1.1645187929987604,0.30618621784789724,8185,/media/leni/DATADRIVE1/gecco_2026/meim_sq_cracks/meim_sq_cracks_19_0_15-36-54-4386-981102137,cracks,SQ_CPPN,5696,-1,0.040253690555555555,8.233355859722222,0.136719
807,1164,0.545455,0.909091,0.181818,0.052592,2.0,0.0,4.0,0.0,1.1126168733638728,1.0769360737267557,0.2795084971874737,1049,/media/leni/DATADRIVE1/gecco_2026/meim_sq_cracks/meim_sq_cracks_19_0_15-36-54-4386-981102137,cracks,SQ_CPPN,822,-1,0.04324991805555556,1.1752233525,0.136719
808,9315,0.545455,0.909091,0.181818,0.0510894,3.0,0.0,4.0,1.0,1.1230307276394356,1.076863740322962,0.31868871959954903,8799,/media/leni/DATADRIVE1/gecco_2026/meim_sq_cracks/meim_sq_cracks_19_0_15-36-54-4386-981102137,cracks,SQ_CPPN,2413,-1,0.09086401027777778,8.906405488611112,0.125
809,5143,0.545455,0.909091,0.454545,0.105184,5.0,0.0,2.0,0.0,1.2062021738444182,1.15829289654517,0.3365728004459065,4869,/media/leni/DATADRIVE1/gecco_2026/meim_sq_cracks/meim_sq_cracks_19_0_15-36-54-4386-981102137,cracks,SQ_CPPN,4415,-1,0.04447243,5.156140675,0.125
810,10280,0.909091,0.818182,0.272727,0.052592,3.0,1.0,4.0,1.0,1.2955627797980305,1.254198615211323,0.3247595264191645,9992,/media/leni/DATADRIVE1/gecco_2026/meim_sq_cracks/meim_sq_cracks_19_0_18-50-8-8429-2015991380,cracks,SQ_CPPN,2569,-1,0.101195235,10.676960658611112,0.199219
811,3277,0.909091,0.545455,0.363636,0.0450789,3.0,1.0,4.0,0.0,1.166101775587024,1.1217088976321843,0.31868871959954903,3110,/media/leni/DATADRIVE1/gecco_2026/meim_sq_cracks/meim_sq_cracks_19_0_18-50-8-8429-2015991380,cracks,SQ_CPPN,1472,-1,0.04480785472222222,3.5950236947222223,0.199219
812,6579,0.909091,0.727273,0.181818,0.0420736,3.0,1.0,4.0,1.0,1.2229755458515759,1.17906761288357,0.3247595264191645,6367,/media/leni/DATADRIVE1/gecco_2026/meim_sq_cracks/meim_sq_cracks_19_0_18-50-8-8429-2015991380,cracks,SQ_CPPN,2569,-1,0.08780185527777777,6.647260631666667,0.1875
813,8486,0.909091,0.636364,0.636364,0.0608565,6.0,0.0,2.0,0.0,1.3402679735281486,1.2806514907910154,0.39528470752104744,8244,/media/leni/DATADRIVE1/gecco_2026/meim_sq_cracks/meim_sq_cracks_19_0_18-50-8-8429-2015991380,cracks,SQ_CPPN,4637,-1,0.04606296361111111,8.773420241666667,0.1875
814,6202,0.909091,0.727273,0.363636,0.054846,5.0,1.0,2.0,0.0,1.2679902156649316,1.2209060926303874,0.3423265984407288,5995,/media/leni/DATADRIVE1/gecco_2026/meim_sq_cracks/meim_sq_cracks_19_0_18-50-8-8429-2015991380,cracks,SQ_CPPN,4416,-1,0.10978268888888888,6.331223235555556,0.171875
815,4416,0.909091,0.727273,0.363636,0.054846,6.0,0.0,2.0,0.0,1.2833010897766743,1.2209060926303874,0.39528470752104744,4230,/media/leni/DATADRIVE1/gecco_2026/meim_sq_cracks/meim_sq_cracks_19_0_18-50-8-8429-2015991380,cracks,SQ_CPPN,3553,-1,0.046099988611111115,4.584930037222223,0.164062
816,3269,0.909091,0.727273,0.454545,0.0676183,3.0,1.0,4.0,1.0,1.2930679039903086,1.2516212902990624,0.3247595264191645,3109,/media/leni/DATADRIVE1/gecco_2026/meim_sq_cracks/meim_sq_cracks_19_0_18-50-8-8429-2015991380,cracks,SQ_CPPN,1593,-1,0.046783523333333334,3.5950057419444446,0.15625
817,6402,0.909091,0.636364,0.363636,0.0488355,6.0,0.0,2.0,0.0,1.2338037256116752,1.1687692814808448,0.39528470752104744,6189,/media/leni/DATADRIVE1/gecco_2026/meim_sq_cracks/meim_sq_cracks_19_0_18-50-8-8429-2015991380,cracks,SQ_CPPN,3553,-1,0.04220537333333333,6.470938268055556,0.152344
818,7626,0.909091,0.818182,0.545455,0.0924117,4.0,0.0,2.0,2.0,1.3768367044522345,1.342359605592663,0.30618621784789724,7366,/media/leni/DATADRIVE1/gecco_2026/meim_sq_cracks/meim_sq_cracks_19_0_18-50-8-8429-2015991380,cracks,SQ_CPPN,2705,-1,0.05009721194444444,7.834796381111111,0.148438
819,2569,0.909091,0.727273,0.363636,0.0586026,4.0,0.0,4.0,1.0,1.2727702534364793,1.2210806148787883,0.3590351654086268,2417,/media/leni/DATADRIVE1/gecco_2026/meim_sq_cracks/meim_sq_cracks_19_0_18-50-8-8429-2015991380,cracks,SQ_CPPN,2190,-1,0.10292618222222222,2.831689444722222,0.148438
820,4600,0.909091,0.727273,0.454545,0.0563486,6.0,0.0,2.0,0.0,1.3120246890043494,1.2510630617826424,0.39528470752104744,4250,/media/leni/DATADRIVE1/gecco_2026/meim_sq_cracks/meim_sq_cracks_19_0_20-45-25-5703-1109328543,cracks,SQ_CPPN,3306,-1,0.047390025833333335,3.709801517222222,0.296875
821,8286,0.909091,0.727273,0.363636,0.069121,6.0,0.0,2.0,0.0,1.2839903877938494,1.2216305971720747,0.39528470752104744,7720,/media/leni/DATADRIVE1/gecco_2026/meim_sq_cracks/meim_sq_cracks_19_0_20-45-25-5703-1109328543,cracks,SQ_CPPN,6404,-1,0.04165206222222222,6.713820138611111,0.210938
822,3342,0.909091,0.636364,0.363636,0.0443276,5.0,1.0,2.0,0.0,1.2176983055727555,1.1685896043499444,0.3423265984407288,3077,/media/leni/DATADRIVE1/gecco_2026/meim_sq_cracks/meim_sq_cracks_19_0_20-45-25-5703-1109328543,cracks,SQ_CPPN,2845,-1,0.04013390666666666,2.7281234380555555,0.210938
823,8161,0.909091,0.727273,0.363636,0.0721262,6.0,0.0,2.0,0.0,1.2841556728186967,1.2218043182246656,0.39528470752104744,7625,/media/leni/DATADRIVE1/gecco_2026/meim_sq_cracks/meim_sq_cracks_19_0_20-45-25-5703-1109328543,cracks,SQ_CPPN,7554,-1,0.06616045722222222,6.628177003333334,0.195312
824,6597,0.909091,0.727273,0.181818,0.0465815,6.0,0.0,2.0,0.0,1.2437242797647112,1.179237077129213,0.39528470752104744,6162,/media/leni/DATADRIVE1/gecco_2026/meim_sq_cracks/meim_sq_cracks_19_0_20-45-25-5703-1109328543,cracks,SQ_CPPN,1830,-1,0.06248539333333333,5.327665832222222,0.1875
825,6404,0.909091,0.727273,0.363636,0.0721262,6.0,0.0,2.0,0.0,1.2841556728186967,1.2218043182246656,0.39528470752104744,5963,/media/leni/DATADRIVE1/gecco_2026/meim_sq_cracks/meim_sq_cracks_19_0_20-45-25-5703-1109328543,cracks,SQ_CPPN,1002,-1,0.07498512333333333,5.176645374722222,0.1875
826,7628,0.909091,0.636364,0.454545,0.054846,6.0,0.0,2.0,0.0,1.2638333859801298,1.2004269355183597,0.39528470752104744,7089,/media/leni/DATADRIVE1/gecco_2026/meim_sq_cracks/meim_sq_cracks_19_0_20-45-25-5703-1109328543,cracks,SQ_CPPN,4600,-1,0.04971315972222222,6.1540520913888885,0.1875
827,5522,0.909091,0.727273,0.272727,0.040571,6.0,0.0,2.0,0.0,1.2600192400832615,1.1964106675301753,0.39528470752104744,5104,/media/leni/DATADRIVE1/gecco_2026/meim_sq_cracks/meim_sq_cracks_19_0_20-45-25-5703-1109328543,cracks,SQ_CPPN,5252,-1,0.04097598527777778,4.413388456111111,0.1875
828,7141,0.909091,0.727273,0.454545,0.0503381,6.0,0.0,2.0,0.0,1.311780295684689,1.2508067573156973,0.39528470752104744,6660,/media/leni/DATADRIVE1/gecco_2026/meim_sq_cracks/meim_sq_cracks_19_0_20-45-25-5703-1109328543,cracks,SQ_CPPN,6376,-1,0.04592383055555556,5.822602165833334,0.183594
829,7592,0.909091,0.818182,0.363636,0.0480841,5.0,1.0,2.0,0.0,1.321967833411165,1.2768756605769451,0.3423265984407288,7051,/media/leni/DATADRIVE1/gecco_2026/meim_sq_cracks/meim_sq_cracks_19_0_20-45-25-5703-1109328543,cracks,SQ_CPPN,3671,-1,0.07380096388888889,6.154022457777778,0.183594
830,4444,0.545455,0.727273,0.0,0.0195342,6.0,0.0,2.0,0.0,0.9915032821547491,0.9093012474002441,0.39528470752104744,4142,/media/leni/DATADRIVE1/gecco_2026/meim_sq_cracks/meim_sq_cracks_19_0_23-46-14-4703-270335141,cracks,SQ_CPPN,2080,-1,0.04509285111111111,3.3554716444444446,0.210938
831,2863,0.545455,0.545455,0.0,0.0180316,6.0,0.0,2.0,0.0,0.8669587375697646,0.7716005784397522,0.39528470752104744,2690,/media/leni/DATADRIVE1/gecco_2026/meim_sq_cracks/meim_sq_cracks_19_0_23-46-14-4703-270335141,cracks,SQ_CPPN,2490,-1,0.04199696888888889,2.163313938611111,0.203125
832,1737,0.545455,0.818182,0.0909091,0.0240421,6.0,0.0,2.0,0.0,1.0639715358900443,0.9878185203691111,0.39528470752104744,1605,/media/leni/DATADRIVE1/gecco_2026/meim_sq_cracks/meim_sq_cracks_19_0_23-46-14-4703-270335141,cracks,SQ_CPPN,570,-1,0.04311959138888889,1.3476078147222221,0.203125
833,8372,0.545455,0.727273,0.0,0.0195342,6.0,0.0,2.0,0.0,0.9915032821547491,0.9093012474002441,0.39528470752104744,7906,/media/leni/DATADRIVE1/gecco_2026/meim_sq_cracks/meim_sq_cracks_19_0_23-46-14-4703-270335141,cracks,SQ_CPPN,1338,-1,0.04156311,6.291602852222222,0.199219
834,8043,0.545455,0.545455,0.0,0.0180316,6.0,0.0,2.0,0.0,0.8669587375697646,0.7716005784397522,0.39528470752104744,7594,/media/leni/DATADRIVE1/gecco_2026/meim_sq_cracks/meim_sq_cracks_19_0_23-46-14-4703-270335141,cracks,SQ_CPPN,3821,-1,0.06458761833333333,6.0607485727777775,0.195312
835,2377,0.545455,0.727273,0.0,0.0210368,6.0,0.0,2.0,0.0,0.9915340238782732,0.9093347681180127,0.39528470752104744,2231,/media/leni/DATADRIVE1/gecco_2026/meim_sq_cracks/meim_sq_cracks_19_0_23-46-14-4703-270335141,cracks,SQ_CPPN,1683,-1,0.04124473638888889,1.7966628525,0.195312
836,4734,0.545455,0.727273,0.0,0.0210368,6.0,0.0,2.0,0.0,0.9915340238782732,0.9093347681180127,0.39528470752104744,4464,/media/leni/DATADRIVE1/gecco_2026/meim_sq_cracks/meim_sq_cracks_19_0_23-46-14-4703-270335141,cracks,SQ_CPPN,3618,-1,0.0415939025,3.5812962927777776,0.195312
837,9910,0.727273,0.818182,0.0909091,0.0240421,6.0,0.0,2.0,0.0,1.1676644589470984,1.0987221162278566,0.39528470752104744,9422,/media/leni/DATADRIVE1/gecco_2026/meim_sq_cracks/meim_sq_cracks_19_0_23-46-14-4703-270335141,cracks,SQ_CPPN,8201,-1,0.07214052527777778,7.4495477277777775,0.191406
838,8201,0.545455,0.636364,0.0909091,0.0210368,6.0,0.0,2.0,0.0,0.9313631455764448,0.8433192212549468,0.39528470752104744,7754,/media/leni/DATADRIVE1/gecco_2026/meim_sq_cracks/meim_sq_cracks_19_0_23-46-14-4703-270335141,cracks,SQ_CPPN,570,-1,0.045533035,6.162472171666667,0.1875
839,8632,0.545455,0.545455,0.0,0.0180316,6.0,0.0,2.0,0.0,0.8669587375697646,0.7716005784397522,0.39528470752104744,8211,/media/leni/DATADRIVE1/gecco_2026/meim_sq_cracks/meim_sq_cracks_19_0_23-46-14-4703-270335141,cracks,SQ_CPPN,7838,-1,0.061610973888888886,6.517285776111111,0.183594
840,8576,0.727273,0.727273,0.0909091,0.0323065,6.0,1.0,0.0,0.0,1.1007685757974108,1.0330344657672657,0.3801726581436387,8320,/media/leni/DATADRIVE1/gecco_2026/meim_sq_cracks/meim_sq_cracks_20_0_0-27-12-2423-3074945916,cracks,SQ_CPPN,6805,-1,0.04004548138888889,9.016502871111111,0.214844
841,3350,0.727273,0.909091,0.0909091,0.052592,6.0,1.0,0.0,0.0,1.2292005921479252,1.1689323529344244,0.3801726581436387,3194,/media/leni/DATADRIVE1/gecco_2026/meim_sq_cracks/meim_sq_cracks_20_0_0-27-12-2423-3074945916,cracks,SQ_CPPN,1942,-1,0.04257767972222222,3.2779165594444444,0.1875
842,9626,0.636364,0.909091,0.0909091,0.0420736,6.0,1.0,0.0,0.0,1.177272903390191,1.1141993713230904,0.3801726581436387,9336,/media/leni/DATADRIVE1/gecco_2026/meim_sq_cracks/meim_sq_cracks_20_0_0-27-12-2423-3074945916,cracks,SQ_CPPN,8743,-1,0.04246891138888889,9.745249931666667,0.183594
843,9993,0.545455,0.909091,0.0909091,0.0255447,6.0,1.0,0.0,0.0,1.1302282289285206,1.0643705179433054,0.3801726581436387,9690,/media/leni/DATADRIVE1/gecco_2026/meim_sq_cracks/meim_sq_cracks_20_0_0-27-12-2423-3074945916,cracks,SQ_CPPN,8545,-1,0.039420539722222224,10.077210559166666,0.167969
844,2961,0.727273,0.727273,0.0909091,0.0270473,6.0,1.0,0.0,0.0,1.100626777776236,1.032883369000634,0.3801726581436387,2815,/media/leni/DATADRIVE1/gecco_2026/meim_sq_cracks/meim_sq_cracks_20_0_0-27-12-2423-3074945916,cracks,SQ_CPPN,1914,-1,0.04093002666666667,2.866154736388889,0.160156
845,5353,0.545455,0.909091,0.0909091,0.0255447,6.0,1.0,0.0,0.0,1.1302282289285206,1.0643705179433054,0.3801726581436387,5157,/media/leni/DATADRIVE1/gecco_2026/meim_sq_cracks/meim_sq_cracks_20_0_0-27-12-2423-3074945916,cracks,SQ_CPPN,4829,-1,0.0392166075,5.713305388055556,0.15625
846,5546,0.545455,0.545455,0.0,0.0180316,2.0,1.0,4.0,1.0,0.8254119896442988,0.7716005784397522,0.29315098498896436,5392,/media/leni/DATADRIVE1/gecco_2026/meim_sq_cracks/meim_sq_cracks_20_0_0-27-12-2423-3074945916,cracks,SQ_CPPN,343,-1,0.06556334805555555,5.892149928055556,0.144531
847,2762,0.727273,0.727273,0.0909091,0.0338092,6.0,1.0,0.0,0.0,1.1008137033692167,1.0330825521348475,0.3801726581436387,2613,/media/leni/DATADRIVE1/gecco_2026/meim_sq_cracks/meim_sq_cracks_20_0_0-27-12-2423-3074945916,cracks,SQ_CPPN,1682,-1,0.04098212833333333,2.736005767777778,0.144531
848,7512,0.727273,0.727273,0.0,0.0270473,6.0,1.0,0.0,0.0,1.0968659168263413,1.0288749144066494,0.3801726581436387,7267,/media/leni/DATADRIVE1/gecco_2026/meim_sq_cracks/meim_sq_cracks_20_0_0-27-12-2423-3074945916,cracks,SQ_CPPN,4438,-1,0.07243141944444445,7.8880507911111115,0.140625
849,9844,0.636364,0.909091,0.0909091,0.0390684,6.0,1.0,0.0,0.0,1.1771693340885032,1.1140899385230845,0.3801726581436387,9517,/media/leni/DATADRIVE1/gecco_2026/meim_sq_cracks/meim_sq_cracks_20_0_0-27-12-2423-3074945916,cracks,SQ_CPPN,8028,-1,0.04073402222222222,9.8855927475,0.140625
850,6966,0.818182,0.909091,0.363636,0.0864012,6.0,0.0,2.0,0.0,1.3385867694185685,1.278891918522609,0.39528470752104744,6446,/media/leni/DATADRIVE1/gecco_2026/meim_sq_cracks/meim_sq_cracks_20_0_0-34-3-3723-1498892756,cracks,SQ_CPPN,4022,-1,0.04420059888888889,5.753645570555555,0.164062
851,6837,0.818182,0.909091,0.363636,0.0991736,2.0,1.0,2.0,0.0,1.2934801988580884,1.2798182585187476,0.1875,6319,/media/leni/DATADRIVE1/gecco_2026/meim_sq_cracks/meim_sq_cracks_20_0_0-34-3-3723-1498892756,cracks,SQ_CPPN,3856,-1,0.03789944027777778,5.645216871944444,0.15625
852,8930,0.909091,0.727273,0.272727,0.0480841,5.0,1.0,2.0,0.0,1.2446895436259637,1.1966889988680476,0.3423265984407288,8260,/media/leni/DATADRIVE1/gecco_2026/meim_sq_cracks/meim_sq_cracks_20_0_0-34-3-3723-1498892756,cracks,SQ_CPPN,6670,-1,0.041789225,7.2662898525,0.148438
853,9632,0.909091,0.727273,0.272727,0.0510894,5.0,0.0,4.0,0.0,1.261950417461542,1.1968135218702034,0.40019526483955303,8911,/media/leni/DATADRIVE1/gecco_2026/meim_sq_cracks/meim_sq_cracks_20_0_0-34-3-3723-1498892756,cracks,SQ_CPPN,7377,-1,0.04621532666666667,7.725290030555556,0.148438
854,4086,0.818182,0.909091,0.454545,0.0796394,6.0,0.0,2.0,0.0,1.3656763241933865,1.3072191179991057,0.39528470752104744,3787,/media/leni/DATADRIVE1/gecco_2026/meim_sq_cracks/meim_sq_cracks_20_0_0-34-3-3723-1498892756,cracks,SQ_CPPN,1755,-1,0.06759669388888889,3.4171393097222222,0.144531
855,7607,0.909091,0.727273,0.272727,0.0518407,5.0,0.0,2.0,1.0,1.2448403261123453,1.1968458286326982,0.3423265984407288,7009,/media/leni/DATADRIVE1/gecco_2026/meim_sq_cracks/meim_sq_cracks_20_0_0-34-3-3723-1498892756,cracks,SQ_CPPN,7377,-1,0.04099666055555556,6.2616952830555554,0.144531
856,8424,0.909091,0.727273,0.272727,0.0480841,5.0,1.0,2.0,0.0,1.2446895436259637,1.1966889988680476,0.3423265984407288,7772,/media/leni/DATADRIVE1/gecco_2026/meim_sq_cracks/meim_sq_cracks_20_0_0-34-3-3723-1498892756,cracks,SQ_CPPN,6670,-1,0.05658942166666667,6.877463579722222,0.144531
857,10129,0.727273,0.727273,0.181818,0.0300526,5.0,0.0,4.0,0.0,1.1189143072410683,1.044898548639417,0.40019526483955303,9351,/media/leni/DATADRIVE1/gecco_2026/meim_sq_cracks/meim_sq_cracks_20_0_0-34-3-3723-1498892756,cracks,SQ_CPPN,8873,-1,0.04312594555555556,8.08484670388889,0.144531
858,9804,0.727273,0.909091,0.363636,0.0773854,6.0,0.0,2.0,0.0,1.2844617952431128,1.2221260587350062,0.39528470752104744,9073,/media/leni/DATADRIVE1/gecco_2026/meim_sq_cracks/meim_sq_cracks_20_0_0-34-3-3723-1498892756,cracks,SQ_CPPN,2162,-1,0.04397102277777778,7.839051403611111,0.140625
859,6329,0.636364,0.909091,0.272727,0.0706236,3.0,1.0,2.0,2.0,1.1751960671236779,1.1448900803932927,0.2651650429449553,5825,/media/leni/DATADRIVE1/gecco_2026/meim_sq_cracks/meim_sq_cracks_20_0_0-34-3-3723-1498892756,cracks,SQ_CPPN,1231,-1,0.04432330833333333,5.193192444722222,0.140625
860,6839,0.636364,0.909091,0.181818,0.0270473,6.0,0.0,2.0,0.0,1.1922436530920557,1.124808840798422,0.39528470752104744,6442,/media/leni/DATADRIVE1/gecco_2026/meim_sq_cracks/meim_sq_cracks_20_0_10-0-48-8496-3144572751,cracks,SQ_CPPN,4523,-1,0.10074183333333334,6.579688473888889,0.226562
861,8934,0.727273,0.909091,0.181818,0.0450789,6.0,0.0,2.0,0.0,1.2436689089782738,1.1791786782159903,0.39528470752104744,8445,/media/leni/DATADRIVE1/gecco_2026/meim_sq_cracks/meim_sq_cracks_20_0_10-0-48-8496-3144572751,cracks,SQ_CPPN,8060,-1,0.06154892972222222,8.316276936944444,0.199219
862,4523,0.636364,0.909091,0.181818,0.0270473,6.0,0.0,2.0,0.0,1.1922436530920557,1.124808840798422,0.39528470752104744,4247,/media/leni/DATADRIVE1/gecco_2026/meim_sq_cracks/meim_sq_cracks_20_0_10-0-48-8496-3144572751,cracks,SQ_CPPN,2131,-1,0.07766898611111112,4.421997075833334,0.195312
863,10439,0.545455,0.909091,0.272727,0.0601052,5.0,0.0,2.0,0.0,1.1468397904249923,1.0963394797698567,0.3365728004459065,9834,/media/leni/DATADRIVE1/gecco_2026/meim_sq_cracks/meim_sq_cracks_20_0_10-0-48-8496-3144572751,cracks,SQ_CPPN,7067,-1,0.09872353027777778,9.559985653611111,0.195312
864,2131,0.636364,0.909091,0.181818,0.0270473,6.0,0.0,2.0,0.0,1.1922436530920557,1.124808840798422,0.39528470752104744,1957,/media/leni/DATADRIVE1/gecco_2026/meim_sq_cracks/meim_sq_cracks_20_0_10-0-48-8496-3144572751,cracks,SQ_CPPN,1960,-1,0.04238078638888889,2.161767044722222,0.195312
865,6863,0.545455,0.909091,0.272727,0.0631104,6.0,0.0,2.0,0.0,1.1655816326723583,1.0965083412465042,0.39528470752104744,6462,/media/leni/DATADRIVE1/gecco_2026/meim_sq_cracks/meim_sq_cracks_20_0_10-0-48-8496-3144572751,cracks,SQ_CPPN,4644,-1,0.09701544194444445,6.622192212222222,0.195312
866,7575,0.545455,0.727273,0.0,0.0210368,6.0,0.0,2.0,0.0,0.9915340238782732,0.9093347681180127,0.39528470752104744,7142,/media/leni/DATADRIVE1/gecco_2026/meim_sq_cracks/meim_sq_cracks_20_0_10-0-48-8496-3144572751,cracks,SQ_CPPN,2572,-1,0.04082956777777778,7.287371049722222,0.191406
867,5779,0.636364,0.909091,0.181818,0.0270473,6.0,0.0,2.0,0.0,1.1922436530920557,1.124808840798422,0.39528470752104744,5443,/media/leni/DATADRIVE1/gecco_2026/meim_sq_cracks/meim_sq_cracks_20_0_10-0-48-8496-3144572751,cracks,SQ_CPPN,4659,-1,0.0428660275,5.469906385277778,0.191406
868,8869,0.545455,0.909091,0.0,0.0240421,6.0,1.0,0.0,0.0,1.1265331224062656,1.0604459561328008,0.3801726581436387,8380,/media/leni/DATADRIVE1/gecco_2026/meim_sq_cracks/meim_sq_cracks_20_0_10-0-48-8496-3144572751,cracks,SQ_CPPN,2572,-1,0.040674651944444445,8.251841380833334,0.191406
869,4828,0.818182,0.909091,0.272727,0.0495868,6.0,0.0,2.0,0.0,1.3148981324301285,1.2540761933264821,0.39528470752104744,4531,/media/leni/DATADRIVE1/gecco_2026/meim_sq_cracks/meim_sq_cracks_20_0_10-0-48-8496-3144572751,cracks,SQ_CPPN,4614,-1,0.04521238722222222,4.7689588008333335,0.191406
870,4141,0.909091,0.545455,0.0,0.0240421,3.0,0.0,4.0,0.0,1.1055323947666165,1.0604459561328008,0.3125,3961,/media/leni/DATADRIVE1/gecco_2026/meim_sq_cracks/meim_sq_cracks_20_0_10-50-12-2340-397233552,cracks,SQ_CPPN,2334,-1,0.058621562777777775,3.5410061819444443,0.148438
871,8363,0.818182,0.909091,0.272727,0.0886551,3.0,0.0,2.0,3.0,1.2899788659857998,1.256227676295189,0.29315098498896436,8046,/media/leni/DATADRIVE1/gecco_2026/meim_sq_cracks/meim_sq_cracks_20_0_10-50-12-2340-397233552,cracks,SQ_CPPN,1798,-1,0.04456851055555556,7.488789391111111,0.148438
872,2453,0.818182,0.909091,0.272727,0.0593539,2.0,0.0,2.0,4.0,1.2913253398656785,1.2545003520841316,0.30618621784789724,2328,/media/leni/DATADRIVE1/gecco_2026/meim_sq_cracks/meim_sq_cracks_20_0_10-50-12-2340-397233552,cracks,SQ_CPPN,2303,-1,0.041119905,2.1136296580555554,0.140625
873,710,0.545455,0.545455,0.0,0.0180316,3.0,1.0,2.0,0.0,0.8062598542954746,0.7716005784397522,0.23385358667337133,635,/media/leni/DATADRIVE1/gecco_2026/meim_sq_cracks/meim_sq_cracks_20_0_10-50-12-2340-397233552,cracks,SQ_CPPN,580,-1,0.03924855083333333,0.6849936880555556,0.136719
874,10340,0.909091,0.545455,0.0,0.0240421,3.0,0.0,2.0,0.0,1.0841249355486708,1.0604459561328008,0.22534695471649932,9944,/media/leni/DATADRIVE1/gecco_2026/meim_sq_cracks/meim_sq_cracks_20_0_10-50-12-2340-397233552,cracks,SQ_CPPN,4308,-1,0.03522415472222222,8.815715355555556,0.136719
875,9186,0.818182,0.909091,0.272727,0.0856499,2.0,0.0,4.0,3.0,1.300332804824984,1.2560191691626406,0.3365728004459065,8861,/media/leni/DATADRIVE1/gecco_2026/meim_sq_cracks/meim_sq_cracks_20_0_10-50-12-2340-397233552,cracks,SQ_CPPN,3321,-1,0.0447818125,8.079142642777779,0.132812
876,1063,0.727273,0.545455,0.0909091,0.0270473,2.0,0.0,4.0,2.0,0.9639466761466113,0.9140258171704452,0.30618621784789724,979,/media/leni/DATADRIVE1/gecco_2026/meim_sq_cracks/meim_sq_cracks_20_0_10-50-12-2340-397233552,cracks,SQ_CPPN,658,-1,0.04032253277777778,0.9203274863888888,0.128906
877,4308,0.909091,0.545455,0.0,0.0240421,2.0,1.0,2.0,0.0,1.0768945518844497,1.0604459561328008,0.1875,4123,/media/leni/DATADRIVE1/gecco_2026/meim_sq_cracks/meim_sq_cracks_20_0_10-50-12-2340-397233552,cracks,SQ_CPPN,4141,-1,0.11273846888888889,3.838575919166667,0.128906
878,8341,0.909091,0.545455,0.0,0.0240421,3.0,0.0,2.0,0.0,1.0841249355486708,1.0604459561328008,0.22534695471649932,8015,/media/leni/DATADRIVE1/gecco_2026/meim_sq_cracks/meim_sq_cracks_20_0_10-50-12-2340-397233552,cracks,SQ_CPPN,710,-1,0.0385964175,7.478284441666666,0.128906
879,5388,0.727273,0.909091,0.272727,0.0728775,2.0,0.0,4.0,3.0,1.2443250617685275,1.197941404804613,0.3365728004459065,5149,/media/leni/DATADRIVE1/gecco_2026/meim_sq_cracks/meim_sq_cracks_20_0_10-50-12-2340-397233552,cracks,SQ_CPPN,4768,-1,0.10252509472222222,4.956257968333333,0.128906
880,8953,0.636364,0.909091,0.363636,0.0631104,6.0,0.0,2.0,0.0,1.2344511532908704,1.1694527138200843,0.39528470752104744,8445,/media/leni/DATADRIVE1/gecco_2026/meim_sq_cracks/meim_sq_cracks_20_0_13-7-42-2167-3017800118,cracks,SQ_CPPN,5863,-1,0.04277969888888889,7.4491819025,0.234375
881,9787,0.727273,0.909091,0.272727,0.052592,5.0,1.0,2.0,0.0,1.24487183991084,1.196878606126369,0.3423265984407288,9272,/media/leni/DATADRIVE1/gecco_2026/meim_sq_cracks/meim_sq_cracks_20_0_13-7-42-2167-3017800118,cracks,SQ_CPPN,4411,-1,0.04057352527777778,8.086859631944444,0.171875
882,8587,0.727273,0.818182,0.181818,0.0353118,6.0,0.0,2.0,0.0,1.1785170809098355,1.1102488504818366,0.39528470752104744,8138,/media/leni/DATADRIVE1/gecco_2026/meim_sq_cracks/meim_sq_cracks_20_0_13-7-42-2167-3017800118,cracks,SQ_CPPN,7797,-1,0.043086955,7.229119500277778,0.167969
883,7024,0.727273,0.909091,0.272727,0.0601052,5.0,0.0,2.0,0.0,1.2436423780195174,1.1972322725378062,0.3365728004459065,6624,/media/leni/DATADRIVE1/gecco_2026/meim_sq_cracks/meim_sq_cracks_20_0_13-7-42-2167-3017800118,cracks,SQ_CPPN,4446,-1,0.04053114388888889,5.975392431666666,0.160156
884,4411,0.727273,0.909091,0.272727,0.0586026,5.0,0.0,2.0,0.0,1.2435706630769963,1.1971577774319306,0.3365728004459065,4141,/media/leni/DATADRIVE1/gecco_2026/meim_sq_cracks/meim_sq_cracks_20_0_13-7-42-2167-3017800118,cracks,SQ_CPPN,3705,-1,0.05852878416666667,3.6554741508333333,0.15625
885,6811,0.727273,0.909091,0.272727,0.0413223,5.0,1.0,2.0,0.0,1.2444466689321363,1.1964363801791928,0.3423265984407288,6425,/media/leni/DATADRIVE1/gecco_2026/meim_sq_cracks/meim_sq_cracks_20_0_13-7-42-2167-3017800118,cracks,SQ_CPPN,6270,-1,0.040939598611111114,5.839550762222222,0.152344
886,3511,0.727273,0.909091,0.272727,0.0631104,5.0,0.0,2.0,0.0,1.2437912412970111,1.197386905693878,0.3365728004459065,3291,/media/leni/DATADRIVE1/gecco_2026/meim_sq_cracks/meim_sq_cracks_20_0_13-7-42-2167-3017800118,cracks,SQ_CPPN,2953,-1,0.04274835416666667,3.012691513888889,0.152344
887,7102,0.818182,0.909091,0.181818,0.0623591,2.0,0.0,2.0,3.0,1.2646030696949182,1.238068929374213,0.2576941016011038,6705,/media/leni/DATADRIVE1/gecco_2026/meim_sq_cracks/meim_sq_cracks_20_0_13-7-42-2167-3017800118,cracks,SQ_CPPN,5939,-1,0.04123334305555556,6.0274936925,0.148438
888,10116,0.727273,0.909091,0.181818,0.0345605,5.0,0.0,4.0,0.0,1.2449019744920682,1.1788234287179102,0.40019526483955303,9615,/media/leni/DATADRIVE1/gecco_2026/meim_sq_cracks/meim_sq_cracks_20_0_13-7-42-2167-3017800118,cracks,SQ_CPPN,7040,-1,0.05224525972222222,8.326718310833334,0.148438
889,10518,0.909091,0.909091,0.363636,0.0586026,5.0,2.0,0.0,0.0,1.379071987890683,1.3373699180797958,0.3365728004459065,9955,/media/leni/DATADRIVE1/gecco_2026/meim_sq_cracks/meim_sq_cracks_20_0_13-7-42-2167-3017800118,cracks,SQ_CPPN,7604,-1,0.04707844611111111,8.681180973611111,0.144531
890,8799,0.909091,0.545455,0.272727,0.0435763,1.0,0.0,2.0,5.0,1.147795283905928,1.0955576268534166,0.3423265984407288,7495,/media/leni/DATADRIVE1/gecco_2026/meim_sq_cracks/meim_sq_cracks_20_0_14-39-26-6268-1393230126,cracks,SQ_CPPN,4974,-1,0.038307013333333334,6.3152767744444445,0.171875
891,10533,0.727273,0.545455,0.181818,0.0225394,2.0,0.0,4.0,3.0,0.9865567562134274,0.9273688496118252,0.3365728004459065,8963,/media/leni/DATADRIVE1/gecco_2026/meim_sq_cracks/meim_sq_cracks_20_0_14-39-26-6268-1393230126,cracks,SQ_CPPN,6299,-1,0.05367666277777778,7.414161143055556,0.152344
892,9402,0.727273,0.545455,0.0909091,0.0270473,1.0,0.0,2.0,5.0,0.9760280192976531,0.9140258171704452,0.3423265984407288,8005,/media/leni/DATADRIVE1/gecco_2026/meim_sq_cracks/meim_sq_cracks_20_0_14-39-26-6268-1393230126,cracks,SQ_CPPN,-1,-1,0.040392135555555556,6.684069885555555,0.144531
893,5526,0.909091,0.545455,0.272727,0.0420736,1.0,0.0,2.0,5.0,1.1477392158726476,1.0954988852810212,0.3423265984407288,4739,/media/leni/DATADRIVE1/gecco_2026/meim_sq_cracks/meim_sq_cracks_20_0_14-39-26-6268-1393230126,cracks,SQ_CPPN,5453,-1,0.03801275944444445,4.0717938175,0.136719
894,1504,0.636364,0.545455,0.181818,0.0210368,2.0,0.0,4.0,1.0,0.9044400917690679,0.857893134136904,0.28641098093474,1319,/media/leni/DATADRIVE1/gecco_2026/meim_sq_cracks/meim_sq_cracks_20_0_14-39-26-6268-1393230126,cracks,SQ_CPPN,1213,-1,0.04112051111111111,1.253725555,0.132812
895,5519,0.727273,0.545455,0.181818,0.0225394,2.0,0.0,4.0,1.0,0.9705896317344216,0.9273688496118252,0.28641098093474,4725,/media/leni/DATADRIVE1/gecco_2026/meim_sq_cracks/meim_sq_cracks_20_0_14-39-26-6268-1393230126,cracks,SQ_CPPN,895,-1,0.03893755638888889,4.069496187777778,0.132812
896,6272,0.727273,0.545455,0.181818,0.0225394,2.0,0.0,4.0,1.0,0.9705896317344216,0.9273688496118252,0.28641098093474,5443,/media/leni/DATADRIVE1/gecco_2026/meim_sq_cracks/meim_sq_cracks_20_0_14-39-26-6268-1393230126,cracks,SQ_CPPN,653,-1,0.0959253886111111,4.717883488611111,0.128906
897,6939,0.727273,0.545455,0.181818,0.0225394,2.0,0.0,4.0,1.0,0.9705896317344216,0.9273688496118252,0.28641098093474,5973,/media/leni/DATADRIVE1/gecco_2026/meim_sq_cracks/meim_sq_cracks_20_0_14-39-26-6268-1393230126,cracks,SQ_CPPN,6272,-1,0.04117568,5.079513683888889,0.128906
898,4063,0.636364,0.545455,0.181818,0.0202855,2.0,0.0,4.0,1.0,0.9044229288088897,0.8578750399418613,0.28641098093474,3514,/media/leni/DATADRIVE1/gecco_2026/meim_sq_cracks/meim_sq_cracks_20_0_14-39-26-6268-1393230126,cracks,SQ_CPPN,3842,-1,0.038390445277777775,3.0328270355555556,0.128906
899,8111,0.727273,0.545455,0.181818,0.0225394,2.0,0.0,4.0,1.0,0.9705896317344216,0.9273688496118252,0.28641098093474,6937,/media/leni/DATADRIVE1/gecco_2026/meim_sq_cracks/meim_sq_cracks_20_0_14-39-26-6268-1393230126,cracks,SQ_CPPN,6272,-1,0.041013128333333336,5.823205255833333,0.121094
900,4924,0.727273,0.909091,0.181818,0.0435763,6.0,0.0,2.0,0.0,1.2436153512463932,1.1791221912319731,0.39528470752104744,4530,/media/leni/DATADRIVE1/gecco_2026/meim_sq_cracks/meim_sq_cracks_20_0_14-45-51-1973-452150165,cracks,SQ_CPPN,2972,-1,0.09616324333333333,3.9787451766666666,0.25
901,3438,0.909091,0.727273,0.272727,0.0616078,6.0,0.0,2.0,0.0,1.2608719206802252,1.1973086487451094,0.39528470752104744,3176,/media/leni/DATADRIVE1/gecco_2026/meim_sq_cracks/meim_sq_cracks_20_0_14-45-51-1973-452150165,cracks,SQ_CPPN,2953,-1,0.04220198861111111,2.8867241458333335,0.238281
902,5460,0.727273,0.727273,0.0909091,0.0270473,3.0,1.0,4.0,1.0,1.0827357960084723,1.032883369000634,0.3247595264191645,5038,/media/leni/DATADRIVE1/gecco_2026/meim_sq_cracks/meim_sq_cracks_20_0_14-45-51-1973-452150165,cracks,SQ_CPPN,2370,-1,0.04175976027777778,4.316907630833334,0.214844
903,6614,0.727273,0.909091,0.181818,0.0338092,6.0,0.0,2.0,0.0,1.2433114291836296,1.178801641472661,0.39528470752104744,6088,/media/leni/DATADRIVE1/gecco_2026/meim_sq_cracks/meim_sq_cracks_20_0_14-45-51-1973-452150165,cracks,SQ_CPPN,4924,-1,0.04113249583333333,5.092177981388889,0.199219
904,5007,0.909091,0.818182,0.272727,0.0713749,6.0,0.0,2.0,0.0,1.3158999294338494,1.2551265371603015,0.39528470752104744,4611,/media/leni/DATADRIVE1/gecco_2026/meim_sq_cracks/meim_sq_cracks_20_0_14-45-51-1973-452150165,cracks,SQ_CPPN,2947,-1,0.04230979861111111,4.035360135555556,0.183594
905,3267,0.909091,0.545455,0.0909091,0.0315552,5.0,0.0,2.0,0.0,1.116471696200065,1.0645317272941424,0.3365728004459065,3016,/media/leni/DATADRIVE1/gecco_2026/meim_sq_cracks/meim_sq_cracks_20_0_14-45-51-1973-452150165,cracks,SQ_CPPN,2282,-1,0.03997769222222222,2.779320458888889,0.179688
906,6468,0.545455,0.727273,0.0909091,0.0240421,6.0,0.0,2.0,0.0,0.995760845077381,0.9139418256044638,0.39528470752104744,5955,/media/leni/DATADRIVE1/gecco_2026/meim_sq_cracks/meim_sq_cracks_20_0_14-45-51-1973-452150165,cracks,SQ_CPPN,4146,-1,0.041346612222222225,5.006849490277777,0.175781
907,7248,0.909091,0.727273,0.272727,0.0555973,5.0,1.0,2.0,0.0,1.2450024253415293,1.1970144272757492,0.3423265984407288,6653,/media/leni/DATADRIVE1/gecco_2026/meim_sq_cracks/meim_sq_cracks_20_0_14-45-51-1973-452150165,cracks,SQ_CPPN,3846,-1,0.048854467222222225,5.674740434722223,0.175781
908,4146,0.545455,0.727273,0.0909091,0.0240421,6.0,0.0,2.0,0.0,0.995760845077381,0.9139418256044638,0.39528470752104744,3825,/media/leni/DATADRIVE1/gecco_2026/meim_sq_cracks/meim_sq_cracks_20_0_14-45-51-1973-452150165,cracks,SQ_CPPN,3124,-1,0.04657715972222222,3.336484136666667,0.175781
909,6928,0.909091,0.727273,0.272727,0.0555973,6.0,0.0,2.0,0.0,1.260592534924069,1.1970144272757492,0.39528470752104744,6384,/media/leni/DATADRIVE1/gecco_2026/meim_sq_cracks/meim_sq_cracks_20_0_14-45-51-1973-452150165,cracks,SQ_CPPN,3846,-1,0.04208692638888889,5.450525901944444,0.175781
910,6909,0.727273,0.636364,0.636364,0.0638618,6.0,0.0,2.0,0.0,1.224407051196717,1.158845385295312,0.39528470752104744,6628,/media/leni/DATADRIVE1/gecco_2026/meim_sq_cracks/meim_sq_cracks_20_0_14-53-26-6407-642130802,cracks,SQ_CPPN,4213,-1,0.050275201944444445,5.4128530975,0.210938
911,6192,0.909091,0.545455,0.545455,0.147258,6.0,0.0,2.0,0.0,1.2646832326298154,1.2013216384028884,0.39528470752104744,5926,/media/leni/DATADRIVE1/gecco_2026/meim_sq_cracks/meim_sq_cracks_20_0_14-53-26-6407-642130802,cracks,SQ_CPPN,5409,-1,0.05948028,4.8911462355555555,0.195312
912,9687,0.727273,0.909091,0.454545,0.0871525,6.0,0.0,2.0,0.0,1.3137081784366154,1.252828471136911,0.39528470752104744,9337,/media/leni/DATADRIVE1/gecco_2026/meim_sq_cracks/meim_sq_cracks_20_0_14-53-26-6407-642130802,cracks,SQ_CPPN,7681,-1,0.04542838861111111,7.655985919166667,0.1875
913,7700,0.818182,0.636364,0.545455,0.054846,5.0,1.0,2.0,0.0,1.2215144969917469,1.1725656341378081,0.3423265984407288,7395,/media/leni/DATADRIVE1/gecco_2026/meim_sq_cracks/meim_sq_cracks_20_0_14-53-26-6407-642130802,cracks,SQ_CPPN,7207,-1,0.047317421666666665,6.004731140833333,0.1875
914,2998,0.818182,0.727273,0.545455,0.0623591,6.0,0.0,2.0,0.0,1.286859594528793,1.224645914552778,0.39528470752104744,2787,/media/leni/DATADRIVE1/gecco_2026/meim_sq_cracks/meim_sq_cracks_20_0_14-53-26-6407-642130802,cracks,SQ_CPPN,2735,-1,0.04157308916666667,2.3598598322222224,0.183594
915,9299,0.818182,0.727273,0.636364,0.0653644,6.0,0.0,2.0,0.0,1.3280924090349888,1.2679035637367535,0.39528470752104744,8952,/media/leni/DATADRIVE1/gecco_2026/meim_sq_cracks/meim_sq_cracks_20_0_14-53-26-6407-642130802,cracks,SQ_CPPN,6209,-1,0.054876260833333336,7.354034228333333,0.183594
916,4138,0.818182,0.909091,0.454545,0.122464,6.0,0.0,2.0,0.0,1.3688414151120647,1.3105253983521266,0.39528470752104744,3908,/media/leni/DATADRIVE1/gecco_2026/meim_sq_cracks/meim_sq_cracks_20_0_14-53-26-6407-642130802,cracks,SQ_CPPN,2786,-1,0.04191013111111111,3.2231856244444446,0.179688
917,4745,0.909091,0.727273,0.454545,0.0924117,6.0,0.0,2.0,0.0,1.3140675561522284,1.2532053072549165,0.39528470752104744,4527,/media/leni/DATADRIVE1/gecco_2026/meim_sq_cracks/meim_sq_cracks_20_0_14-53-26-6407-642130802,cracks,SQ_CPPN,4524,-1,0.04742813666666667,3.738173210833333,0.175781
918,9639,0.818182,0.727273,0.727273,0.0706236,6.0,0.0,2.0,0.0,1.3742312436627833,1.316154060533553,0.39528470752104744,9306,/media/leni/DATADRIVE1/gecco_2026/meim_sq_cracks/meim_sq_cracks_20_0_14-53-26-6407-642130802,cracks,SQ_CPPN,5782,-1,0.05656584972222222,7.627985871944444,0.167969
919,8570,0.727273,0.636364,0.545455,0.0413223,5.0,0.0,2.0,0.0,1.1603426634090854,1.1104565937159767,0.3365728004459065,8277,/media/leni/DATADRIVE1/gecco_2026/meim_sq_cracks/meim_sq_cracks_20_0_14-53-26-6407-642130802,cracks,SQ_CPPN,2735,-1,0.052501850833333336,6.70754037,0.167969
920,2639,0.909091,0.727273,0.181818,0.0601052,2.0,0.0,4.0,3.0,1.226916514275132,1.1798486695339534,0.3365728004459065,2429,/media/leni/DATADRIVE1/gecco_2026/meim_sq_cracks/meim_sq_cracks_20_0_18-48-14-4127-800755812,cracks,SQ_CPPN,1658,-1,0.061642765833333335,2.3572710894444446,0.171875
921,7707,0.909091,0.727273,0.545455,0.147258,6.0,1.0,0.0,0.0,1.3487437815978986,1.2940550754890612,0.3801726581436387,7311,/media/leni/DATADRIVE1/gecco_2026/meim_sq_cracks/meim_sq_cracks_20_0_18-48-14-4127-800755812,cracks,SQ_CPPN,7003,-1,0.0447448175,6.631845671944444,0.167969
922,7364,0.909091,0.636364,0.454545,0.0916604,4.0,0.0,6.0,0.0,1.2843455036438443,1.2026713485945195,0.45069390943299864,6996,/media/leni/DATADRIVE1/gecco_2026/meim_sq_cracks/meim_sq_cracks_20_0_18-48-14-4127-800755812,cracks,SQ_CPPN,5721,-1,0.059369931111111114,6.390173363055555,0.167969
923,9857,0.909091,0.545455,0.454545,0.0631104,3.0,1.0,6.0,0.0,1.2305483261209857,1.155232306905914,0.42389562394532926,9421,/media/leni/DATADRIVE1/gecco_2026/meim_sq_cracks/meim_sq_cracks_20_0_18-48-14-4127-800755812,cracks,SQ_CPPN,8879,-1,0.046341930833333336,8.528263366944444,0.167969
924,7003,0.909091,0.727273,0.545455,0.156273,6.0,0.0,2.0,0.0,1.3540918987882617,1.2951119142236318,0.39528470752104744,6605,/media/leni/DATADRIVE1/gecco_2026/meim_sq_cracks/meim_sq_cracks_20_0_18-48-14-4127-800755812,cracks,SQ_CPPN,6244,-1,0.04581796638888889,6.079537542777778,0.15625
925,7212,0.909091,0.545455,0.454545,0.0601052,3.0,0.0,6.0,1.0,1.2303978606117778,1.1550720303937931,0.42389562394532926,6793,/media/leni/DATADRIVE1/gecco_2026/meim_sq_cracks/meim_sq_cracks_20_0_18-48-14-4127-800755812,cracks,SQ_CPPN,4072,-1,0.04375293111111111,6.243286516944444,0.15625
926,10213,0.909091,0.727273,0.545455,0.156273,6.0,0.0,2.0,0.0,1.3540918987882617,1.2951119142236318,0.39528470752104744,9746,/media/leni/DATADRIVE1/gecco_2026/meim_sq_cracks/meim_sq_cracks_20_0_18-48-14-4127-800755812,cracks,SQ_CPPN,8919,-1,0.08972626694444444,8.89063200638889,0.140625
927,6128,0.636364,0.545455,0.181818,0.026296,4.0,1.0,4.0,0.0,0.9301267721450663,0.8580382055951822,0.3590351654086268,5781,/media/leni/DATADRIVE1/gecco_2026/meim_sq_cracks/meim_sq_cracks_20_0_18-48-14-4127-800755812,cracks,SQ_CPPN,5450,-1,0.04408474027777778,5.306135805555556,0.140625
928,3887,0.727273,0.545455,0.272727,0.0353118,3.0,1.0,6.0,0.0,1.0400776958007705,0.9497758226561887,0.42389562394532926,3630,/media/leni/DATADRIVE1/gecco_2026/meim_sq_cracks/meim_sq_cracks_20_0_18-48-14-4127-800755812,cracks,SQ_CPPN,2184,-1,0.046550942222222225,3.4689831555555557,0.136719
929,4926,0.727273,0.909091,0.545455,0.0969196,5.0,1.0,2.0,0.0,1.333969463180908,1.2892971064495413,0.3423265984407288,4633,/media/leni/DATADRIVE1/gecco_2026/meim_sq_cracks/meim_sq_cracks_20_0_18-48-14-4127-800755812,cracks,SQ_CPPN,537,-1,0.04527984222222222,4.311802279166667,0.136719
930,6064,0.545455,0.909091,0.0909091,0.02855,2.0,0.0,2.0,0.0,1.0790260285409292,1.0644468846630206,0.1767766952966369,5514,/media/leni/DATADRIVE1/gecco_2026/meim_sq_cracks/meim_sq_cracks_20_0_19-41-26-6083-853947930,cracks,SQ_CPPN,3920,-1,0.035559008055555556,5.166446748611111,0.175781
931,10757,0.545455,0.909091,0.181818,0.0631104,3.0,0.0,2.0,0.0,1.1008131362852462,1.077500956388513,0.22534695471649932,9750,/media/leni/DATADRIVE1/gecco_2026/meim_sq_cracks/meim_sq_cracks_20_0_19-41-26-6083-853947930,cracks,SQ_CPPN,8766,-1,0.07401904416666667,8.69217502611111,0.160156
932,2898,0.818182,0.727273,0.363636,0.0315552,2.0,0.0,4.0,3.0,1.2020215983068023,1.153938764751423,0.3365728004459065,2656,/media/leni/DATADRIVE1/gecco_2026/meim_sq_cracks/meim_sq_cracks_20_0_19-41-26-6083-853947930,cracks,SQ_CPPN,-1,-1,0.045291965277777776,3.2584963991666664,0.148438
933,5170,0.545455,0.909091,0.0,0.0330579,3.0,0.0,2.0,0.0,1.0843623370711517,1.0606886574572247,0.22534695471649932,4726,/media/leni/DATADRIVE1/gecco_2026/meim_sq_cracks/meim_sq_cracks_20_0_19-41-26-6083-853947930,cracks,SQ_CPPN,1583,-1,0.03721312583333333,4.660038662777778,0.144531
934,7423,0.545455,0.909091,0.0909091,0.0563486,3.0,0.0,2.0,0.0,1.0891228041367833,1.0655548941705304,0.22534695471649932,6745,/media/leni/DATADRIVE1/gecco_2026/meim_sq_cracks/meim_sq_cracks_20_0_19-41-26-6083-853947930,cracks,SQ_CPPN,3828,-1,0.041525045555555556,6.130986995,0.144531
935,3828,0.545455,0.909091,0.0909091,0.0578512,3.0,0.0,2.0,0.0,1.0892015787310676,1.0656354109686155,0.22534695471649932,3499,/media/leni/DATADRIVE1/gecco_2026/meim_sq_cracks/meim_sq_cracks_20_0_19-41-26-6083-853947930,cracks,SQ_CPPN,2419,-1,0.03939297944444444,3.870151282777778,0.140625
936,7007,0.545455,0.909091,0.0909091,0.0586026,3.0,0.0,2.0,1.0,1.0910333782683141,1.0656764670835,0.23385358667337133,6388,/media/leni/DATADRIVE1/gecco_2026/meim_sq_cracks/meim_sq_cracks_20_0_19-41-26-6083-853947930,cracks,SQ_CPPN,3159,-1,0.03678681194444444,5.797764431111111,0.140625
937,4465,0.545455,0.909091,0.0909091,0.0555973,3.0,0.0,2.0,0.0,1.089084192124787,1.065515428107965,0.22534695471649932,4075,/media/leni/DATADRIVE1/gecco_2026/meim_sq_cracks/meim_sq_cracks_20_0_19-41-26-6083-853947930,cracks,SQ_CPPN,3828,-1,0.03681817777777778,4.235182394722222,0.140625
938,8493,0.545455,0.909091,0.181818,0.0540947,2.0,0.0,2.0,0.0,1.0914218364125257,1.0770105036619142,0.1767766952966369,7703,/media/leni/DATADRIVE1/gecco_2026/meim_sq_cracks/meim_sq_cracks_20_0_19-41-26-6083-853947930,cracks,SQ_CPPN,7261,-1,0.07767867833333333,6.9737179452777776,0.140625
939,8219,0.545455,0.909091,0.0909091,0.0586026,3.0,0.0,2.0,0.0,1.0892417465813409,1.0656764670835,0.22534695471649932,7465,/media/leni/DATADRIVE1/gecco_2026/meim_sq_cracks/meim_sq_cracks_20_0_19-41-26-6083-853947930,cracks,SQ_CPPN,6553,-1,0.03720768083333333,6.778654661111111,0.140625
940,5594,0.545455,0.909091,0.0909091,0.026296,7.0,0.0,0.0,0.0,1.1507952890869906,1.064388814007743,0.4375,5367,/media/leni/DATADRIVE1/gecco_2026/meim_sq_cracks/meim_sq_cracks_20_0_19-46-53-3252-2892197976,cracks,SQ_CPPN,5267,-1,0.04793158527777778,4.397920666944445,0.179688
941,9977,0.545455,0.818182,0.0909091,0.0315552,7.0,0.0,0.0,0.0,1.0805597564497995,0.9880299273093148,0.4375,9708,/media/leni/DATADRIVE1/gecco_2026/meim_sq_cracks/meim_sq_cracks_20_0_19-46-53-3252-2892197976,cracks,SQ_CPPN,1181,-1,0.0679853238888889,7.689218896388889,0.175781
942,8393,0.909091,0.545455,0.0909091,0.0315552,4.0,1.0,2.0,0.0,1.102387884737423,1.0645317272941424,0.28641098093474,8168,/media/leni/DATADRIVE1/gecco_2026/meim_sq_cracks/meim_sq_cracks_20_0_19-46-53-3252-2892197976,cracks,SQ_CPPN,6942,-1,0.03987159083333333,6.6329443263888885,0.160156
943,2420,0.636364,0.909091,0.0909091,0.0315552,7.0,0.0,0.0,0.0,1.196692120759074,1.1138517773415142,0.4375,2304,/media/leni/DATADRIVE1/gecco_2026/meim_sq_cracks/meim_sq_cracks_20_0_19-46-53-3252-2892197976,cracks,SQ_CPPN,1412,-1,0.039084263333333334,1.7491552419444445,0.15625
944,9937,0.545455,0.727273,0.0909091,0.0225394,7.0,0.0,0.0,0.0,1.013225499367821,0.9139035302312657,0.4375,9674,/media/leni/DATADRIVE1/gecco_2026/meim_sq_cracks/meim_sq_cracks_20_0_19-46-53-3252-2892197976,cracks,SQ_CPPN,6317,-1,0.04102896111111111,7.6352414741666665,0.15625
945,8881,0.909091,0.636364,0.181818,0.0623591,6.0,1.0,0.0,0.0,1.1886476682574236,1.126211360826115,0.3801726581436387,8641,/media/leni/DATADRIVE1/gecco_2026/meim_sq_cracks/meim_sq_cracks_20_0_19-46-53-3252-2892197976,cracks,SQ_CPPN,4104,-1,0.0379495425,6.943890678888889,0.152344
946,2914,0.545455,0.818182,0.0909091,0.02855,7.0,0.0,0.0,0.0,1.0804761723942875,0.9879385148438187,0.4375,2782,/media/leni/DATADRIVE1/gecco_2026/meim_sq_cracks/meim_sq_cracks_20_0_19-46-53-3252-2892197976,cracks,SQ_CPPN,2397,-1,0.03976265444444444,2.053676455277778,0.144531
947,2014,0.545455,0.909091,0.0909091,0.0270473,7.0,0.0,0.0,0.0,1.150812701618339,1.0644076400543638,0.4375,1920,/media/leni/DATADRIVE1/gecco_2026/meim_sq_cracks/meim_sq_cracks_20_0_19-46-53-3252-2892197976,cracks,SQ_CPPN,1766,-1,0.03849433277777778,1.5053886475,0.140625
948,1766,0.545455,0.727273,0.0909091,0.0225394,7.0,0.0,0.0,0.0,1.013225499367821,0.9139035302312657,0.4375,1670,/media/leni/DATADRIVE1/gecco_2026/meim_sq_cracks/meim_sq_cracks_20_0_19-46-53-3252-2892197976,cracks,SQ_CPPN,965,-1,0.07213944194444444,1.3210151219444444,0.140625
949,1125,0.909091,0.909091,0.272727,0.160781,2.0,0.0,4.0,1.0,1.3546788139821186,1.3240556782295825,0.28641098093474,1060,/media/leni/DATADRIVE1/gecco_2026/meim_sq_cracks/meim_sq_cracks_20_0_19-46-53-3252-2892197976,cracks,SQ_CPPN,940,-1,0.04761140361111111,0.8469806411111112,0.140625
950,4625,0.545455,0.545455,0.0,0.0180316,6.0,1.0,0.0,0.0,0.8601736467996215,0.7716005784397522,0.3801726581436387,3830,/media/leni/DATADRIVE1/gecco_2026/meim_sq_cracks/meim_sq_cracks_20_0_5-26-21-1073-771833776,cracks,SQ_CPPN,1744,-1,0.08804542388888889,3.6877449116666665,0.207031
951,1692,0.545455,0.545455,0.0,0.0180316,6.0,1.0,0.0,0.0,0.8601736467996215,0.7716005784397522,0.3801726581436387,1419,/media/leni/DATADRIVE1/gecco_2026/meim_sq_cracks/meim_sq_cracks_20_0_5-26-21-1073-771833776,cracks,SQ_CPPN,1289,-1,0.09272087527777778,1.4365158722222222,0.171875
952,10508,0.545455,0.545455,0.0,0.0180316,6.0,1.0,0.0,0.0,0.8601736467996215,0.7716005784397522,0.3801726581436387,8650,/media/leni/DATADRIVE1/gecco_2026/meim_sq_cracks/meim_sq_cracks_20_0_5-26-21-1073-771833776,cracks,SQ_CPPN,5133,-1,0.1048593125,7.998465244722222,0.167969
953,10867,0.545455,0.545455,0.0909091,0.0195342,6.0,1.0,0.0,0.0,0.8649968864004368,0.7769738499347646,0.3801726581436387,8937,/media/leni/DATADRIVE1/gecco_2026/meim_sq_cracks/meim_sq_cracks_20_0_5-26-21-1073-771833776,cracks,SQ_CPPN,5253,-1,0.059147692777777774,8.337700576666666,0.167969
954,6281,0.545455,0.545455,0.0,0.0180316,6.0,1.0,0.0,0.0,0.8601736467996215,0.7716005784397522,0.3801726581436387,5160,/media/leni/DATADRIVE1/gecco_2026/meim_sq_cracks/meim_sq_cracks_20_0_5-26-21-1073-771833776,cracks,SQ_CPPN,5383,-1,0.03755393944444444,4.8599234211111115,0.167969
955,12134,0.545455,0.545455,0.0,0.0180316,6.0,1.0,0.0,0.0,0.8601736467996215,0.7716005784397522,0.3801726581436387,9969,/media/leni/DATADRIVE1/gecco_2026/meim_sq_cracks/meim_sq_cracks_20_0_5-26-21-1073-771833776,cracks,SQ_CPPN,10937,-1,0.03843944388888889,9.196392745555556,0.167969
956,8075,0.545455,0.545455,0.0,0.0180316,6.0,1.0,0.0,0.0,0.8601736467996215,0.7716005784397522,0.3801726581436387,6634,/media/leni/DATADRIVE1/gecco_2026/meim_sq_cracks/meim_sq_cracks_20_0_5-26-21-1073-771833776,cracks,SQ_CPPN,5383,-1,0.03768831111111111,6.082032013611111,0.164062
957,10937,0.545455,0.545455,0.0,0.0180316,5.0,1.0,2.0,0.0,0.8441297013187962,0.7716005784397522,0.3423265984407288,9015,/media/leni/DATADRIVE1/gecco_2026/meim_sq_cracks/meim_sq_cracks_20_0_5-26-21-1073-771833776,cracks,SQ_CPPN,9761,-1,0.06649166055555555,8.405316620555556,0.164062
958,10251,0.545455,0.545455,0.0,0.0180316,6.0,1.0,0.0,0.0,0.8601736467996215,0.7716005784397522,0.3801726581436387,8431,/media/leni/DATADRIVE1/gecco_2026/meim_sq_cracks/meim_sq_cracks_20_0_5-26-21-1073-771833776,cracks,SQ_CPPN,7789,-1,0.03560165305555556,7.596065982222222,0.164062
959,11323,0.545455,0.545455,0.0,0.0180316,6.0,1.0,0.0,0.0,0.8601736467996215,0.7716005784397522,0.3801726581436387,9315,/media/leni/DATADRIVE1/gecco_2026/meim_sq_cracks/meim_sq_cracks_20_0_5-26-21-1073-771833776,cracks,SQ_CPPN,9761,-1,0.039102415555555554,8.673569967777778,0.160156
960,8520,0.545455,0.545455,0.0,0.0180316,6.0,0.0,2.0,0.0,0.8669587375697646,0.7716005784397522,0.39528470752104744,6852,/media/leni/DATADRIVE1/gecco_2026/meim_sq_cracks/meim_sq_cracks_20_0_5-31-54-4074-3278415528,cracks,SQ_CPPN,6761,-1,0.042250167222222225,5.948178503055556,0.195312
961,3368,0.545455,0.545455,0.0,0.0180316,6.0,1.0,0.0,0.0,0.8601736467996215,0.7716005784397522,0.3801726581436387,2752,/media/leni/DATADRIVE1/gecco_2026/meim_sq_cracks/meim_sq_cracks_20_0_5-31-54-4074-3278415528,cracks,SQ_CPPN,2491,-1,0.03940607194444445,2.341324321111111,0.171875
962,12377,0.727273,0.545455,0.0,0.0195342,6.0,0.0,2.0,0.0,0.9915032821547491,0.9093012474002441,0.39528470752104744,9958,/media/leni/DATADRIVE1/gecco_2026/meim_sq_cracks/meim_sq_cracks_20_0_5-31-54-4074-3278415528,cracks,SQ_CPPN,8353,-1,0.03957081,9.204361476666667,0.167969
963,9179,0.727273,0.545455,0.0,0.0210368,6.0,1.0,0.0,0.0,0.9856069046573487,0.9093347681180127,0.3801726581436387,7376,/media/leni/DATADRIVE1/gecco_2026/meim_sq_cracks/meim_sq_cracks_20_0_5-31-54-4074-3278415528,cracks,SQ_CPPN,8244,-1,0.03861586194444445,6.3128719561111115,0.164062
964,8023,0.545455,0.545455,0.0,0.0180316,6.0,0.0,2.0,0.0,0.8669587375697646,0.7716005784397522,0.39528470752104744,6461,/media/leni/DATADRIVE1/gecco_2026/meim_sq_cracks/meim_sq_cracks_20_0_5-31-54-4074-3278415528,cracks,SQ_CPPN,7908,-1,0.04274734277777778,5.6657758552777775,0.160156
965,7933,0.727273,0.545455,0.181818,0.0217881,5.0,1.0,2.0,0.0,0.9885176680159086,0.9273508936641027,0.3423265984407288,6393,/media/leni/DATADRIVE1/gecco_2026/meim_sq_cracks/meim_sq_cracks_20_0_5-31-54-4074-3278415528,cracks,SQ_CPPN,5471,-1,0.04081167944444444,5.622135253888889,0.160156
966,6748,0.545455,0.545455,0.0,0.0180316,6.0,0.0,2.0,0.0,0.8669587375697646,0.7716005784397522,0.39528470752104744,5467,/media/leni/DATADRIVE1/gecco_2026/meim_sq_cracks/meim_sq_cracks_20_0_5-31-54-4074-3278415528,cracks,SQ_CPPN,4095,-1,0.060235878888888886,4.6265150847222225,0.160156
967,11519,0.545455,0.545455,0.0,0.0180316,6.0,0.0,2.0,0.0,0.8669587375697646,0.7716005784397522,0.39528470752104744,9273,/media/leni/DATADRIVE1/gecco_2026/meim_sq_cracks/meim_sq_cracks_20_0_5-31-54-4074-3278415528,cracks,SQ_CPPN,4095,-1,0.03973278444444445,8.604033218055555,0.15625
968,2570,0.545455,0.545455,0.0,0.0180316,6.0,1.0,0.0,0.0,0.8601736467996215,0.7716005784397522,0.3801726581436387,2162,/media/leni/DATADRIVE1/gecco_2026/meim_sq_cracks/meim_sq_cracks_20_0_5-31-54-4074-3278415528,cracks,SQ_CPPN,2182,-1,0.039533029166666664,1.9072537180555555,0.15625
969,10989,0.909091,0.545455,0.0909091,0.0217881,6.0,0.0,2.0,0.0,1.1353223282708838,1.064286986235583,0.39528470752104744,8828,/media/leni/DATADRIVE1/gecco_2026/meim_sq_cracks/meim_sq_cracks_20_0_5-31-54-4074-3278415528,cracks,SQ_CPPN,8023,-1,0.09639748,8.090202690277778,0.152344
970,9768,0.909091,0.818182,0.363636,0.0420736,6.0,0.0,2.0,0.0,1.3364578406062646,1.276663448101323,0.39528470752104744,9190,/media/leni/DATADRIVE1/gecco_2026/meim_sq_cracks/meim_sq_cracks_20_0_7-41-38-8155-85364394,cracks,SQ_CPPN,9652,-1,0.09426739527777778,8.1814575775,0.175781
971,8294,0.545455,0.727273,0.0909091,0.0210368,6.0,0.0,2.0,0.0,0.9956928165709794,0.9138677064931499,0.39528470752104744,7773,/media/leni/DATADRIVE1/gecco_2026/meim_sq_cracks/meim_sq_cracks_20_0_7-41-38-8155-85364394,cracks,SQ_CPPN,7691,-1,0.040732558055555555,6.8589621605555555,0.171875
972,2600,0.909091,0.727273,0.181818,0.069121,2.0,0.0,2.0,4.0,1.2194088570184325,1.18034230652595,0.30618621784789724,2415,/media/leni/DATADRIVE1/gecco_2026/meim_sq_cracks/meim_sq_cracks_20_0_7-41-38-8155-85364394,cracks,SQ_CPPN,2100,-1,0.041021454722222225,2.128927553611111,0.167969
973,7248,0.545455,0.636364,0.272727,0.0308039,6.0,0.0,2.0,0.0,0.9664673788106922,0.8819349150051891,0.39528470752104744,6792,/media/leni/DATADRIVE1/gecco_2026/meim_sq_cracks/meim_sq_cracks_20_0_7-41-38-8155-85364394,cracks,SQ_CPPN,5769,-1,0.04318585055555556,5.873305341666667,0.164062
974,8445,0.545455,0.727273,0.454545,0.0383171,6.0,0.0,2.0,0.0,1.0912270756957096,1.0171167733998934,0.39528470752104744,7895,/media/leni/DATADRIVE1/gecco_2026/meim_sq_cracks/meim_sq_cracks_20_0_7-41-38-8155-85364394,cracks,SQ_CPPN,7231,-1,0.043581513333333335,6.967121161388889,0.164062
975,5769,0.545455,0.636364,0.272727,0.0308039,6.0,0.0,2.0,0.0,0.9664673788106922,0.8819349150051891,0.39528470752104744,5391,/media/leni/DATADRIVE1/gecco_2026/meim_sq_cracks/meim_sq_cracks_20_0_7-41-38-8155-85364394,cracks,SQ_CPPN,5059,-1,0.06085946055555556,4.442303710555556,0.160156
976,8099,0.545455,0.545455,0.0,0.0180316,4.0,0.0,2.0,0.0,0.8206658593170305,0.7716005784397522,0.2795084971874737,7567,/media/leni/DATADRIVE1/gecco_2026/meim_sq_cracks/meim_sq_cracks_20_0_7-41-38-8155-85364394,cracks,SQ_CPPN,7552,-1,0.03710788416666667,6.718097794444445,0.160156
977,10116,0.545455,0.545455,0.0,0.0180316,6.0,0.0,2.0,0.0,0.8669587375697646,0.7716005784397522,0.39528470752104744,9549,/media/leni/DATADRIVE1/gecco_2026/meim_sq_cracks/meim_sq_cracks_20_0_7-41-38-8155-85364394,cracks,SQ_CPPN,7394,-1,0.04070348583333333,8.686780713055555,0.15625
978,9392,0.545455,0.636364,0.181818,0.0217881,6.0,0.0,2.0,0.0,0.9445966355787057,0.8579118858872454,0.39528470752104744,8853,/media/leni/DATADRIVE1/gecco_2026/meim_sq_cracks/meim_sq_cracks_20_0_7-41-38-8155-85364394,cracks,SQ_CPPN,8072,-1,0.07796352,7.791246928888889,0.152344
979,10166,0.545455,0.727273,0.454545,0.0383171,6.0,0.0,2.0,0.0,1.0912270756957096,1.0171167733998934,0.39528470752104744,9560,/media/leni/DATADRIVE1/gecco_2026/meim_sq_cracks/meim_sq_cracks_20_0_7-41-38-8155-85364394,cracks,SQ_CPPN,8445,-1,0.04333298222222222,8.689426100555556,0.152344
980,9368,0.545455,0.545455,0.0,0.0180316,3.0,2.0,2.0,0.0,0.8134947465402343,0.7716005784397522,0.2576941016011038,9031,/media/leni/DATADRIVE1/gecco_2026/meim_sq_cracks/meim_sq_cracks_20_0_9-14-11-1103-4045214698,cracks,SQ_CPPN,3775,-1,0.044160903333333335,8.796609705555555,0.15625
981,7921,0.909091,0.727273,0.0,0.0210368,3.0,1.0,4.0,1.0,1.2088357042064235,1.1643946967262604,0.3247595264191645,7645,/media/leni/DATADRIVE1/gecco_2026/meim_sq_cracks/meim_sq_cracks_20_0_9-14-11-1103-4045214698,cracks,SQ_CPPN,3005,-1,0.048693517222222225,7.673009559444444,0.144531
982,9201,0.636364,0.545455,0.0,0.0195342,2.0,0.0,4.0,2.0,0.8925311661172624,0.8383685839120166,0.30618621784789724,8865,/media/leni/DATADRIVE1/gecco_2026/meim_sq_cracks/meim_sq_cracks_20_0_9-14-11-1103-4045214698,cracks,SQ_CPPN,8506,-1,0.04067075111111111,8.667599247777778,0.144531
983,9623,0.636364,0.545455,0.0,0.0195342,3.0,0.0,4.0,2.0,0.9034064049422276,0.8383685839120166,0.3365728004459065,9232,/media/leni/DATADRIVE1/gecco_2026/meim_sq_cracks/meim_sq_cracks_20_0_9-14-11-1103-4045214698,cracks,SQ_CPPN,8045,-1,0.04529362055555555,8.97121644361111,0.140625
984,9873,0.909091,0.545455,0.0,0.0240421,3.0,0.0,6.0,0.0,1.1403187606447638,1.0604459561328008,0.4192627457812106,9553,/media/leni/DATADRIVE1/gecco_2026/meim_sq_cracks/meim_sq_cracks_20_0_9-14-11-1103-4045214698,cracks,SQ_CPPN,6570,-1,0.04657570361111111,9.217002054444444,0.132812
985,4119,0.545455,0.545455,0.0,0.0180316,3.0,0.0,6.0,0.0,0.8781507288891583,0.7716005784397522,0.4192627457812106,3901,/media/leni/DATADRIVE1/gecco_2026/meim_sq_cracks/meim_sq_cracks_20_0_9-14-11-1103-4045214698,cracks,SQ_CPPN,3948,-1,0.09574837444444445,4.1007552325,0.132812
986,8905,0.727273,0.909091,0.181818,0.0661157,3.0,0.0,2.0,2.0,1.207976731448288,1.180170129142612,0.2576941016011038,8578,/media/leni/DATADRIVE1/gecco_2026/meim_sq_cracks/meim_sq_cracks_20_0_9-14-11-1103-4045214698,cracks,SQ_CPPN,4141,-1,0.046980334444444445,8.4322784,0.128906
987,7112,0.909091,0.545455,0.0,0.0240421,3.0,0.0,4.0,1.0,1.1072976681445734,1.0604459561328008,0.31868871959954903,6840,/media/leni/DATADRIVE1/gecco_2026/meim_sq_cracks/meim_sq_cracks_20_0_9-14-11-1103-4045214698,cracks,SQ_CPPN,6963,-1,0.044233149166666666,6.949195133333333,0.128906
988,6718,0.818182,0.909091,0.181818,0.0300526,3.0,2.0,4.0,0.0,1.2818386892646672,1.2368626339637558,0.3365728004459065,6465,/media/leni/DATADRIVE1/gecco_2026/meim_sq_cracks/meim_sq_cracks_20_0_9-14-11-1103-4045214698,cracks,SQ_CPPN,3804,-1,0.04744564444444444,6.625674258055556,0.128906
989,9699,0.909091,0.545455,0.0,0.0255447,3.0,0.0,4.0,1.0,1.1073313122115216,1.0604810865848056,0.31868871959954903,9341,/media/leni/DATADRIVE1/gecco_2026/meim_sq_cracks/meim_sq_cracks_20_0_9-14-11-1103-4045214698,cracks,SQ_CPPN,6570,-1,0.06522908861111111,9.040110619722222,0.128906
990,10600,0.727273,0.909091,0.0909091,0.0458302,6.0,0.0,2.0,0.0,1.2336885078920246,1.1686476519913305,0.39528470752104744,9911,/media/leni/DATADRIVE1/gecco_2026/meim_sq_cracks/meim_sq_cracks_21_0_11-5-29-9744-1236040412,cracks,SQ_CPPN,9128,-1,0.04822895027777778,8.114231815555556,0.253906
991,8380,0.727273,0.909091,0.0909091,0.0375657,6.0,0.0,2.0,0.0,1.2334091409947066,1.1683527331629349,0.39528470752104744,7745,/media/leni/DATADRIVE1/gecco_2026/meim_sq_cracks/meim_sq_cracks_21_0_11-5-29-9744-1236040412,cracks,SQ_CPPN,7823,-1,0.05328276333333333,6.440940644166667,0.214844
992,5248,0.909091,0.909091,0.363636,0.148009,6.0,0.0,2.0,0.0,1.4011711876637343,1.3442584190322187,0.39528470752104744,4841,/media/leni/DATADRIVE1/gecco_2026/meim_sq_cracks/meim_sq_cracks_21_0_11-5-29-9744-1236040412,cracks,SQ_CPPN,3651,-1,0.051405699166666666,4.158888521388889,0.199219
993,10408,0.727273,0.727273,0.0,0.0300526,6.0,0.0,2.0,0.0,1.1022727393094505,1.0289583042207104,0.39528470752104744,9737,/media/leni/DATADRIVE1/gecco_2026/meim_sq_cracks/meim_sq_cracks_21_0_11-5-29-9744-1236040412,cracks,SQ_CPPN,6910,-1,0.06531788555555555,7.977358702222222,0.195312
994,8280,0.727273,0.909091,0.0909091,0.0450789,6.0,0.0,2.0,0.0,1.2336608263611275,1.168618429812751,0.39528470752104744,7726,/media/leni/DATADRIVE1/gecco_2026/meim_sq_cracks/meim_sq_cracks_21_0_11-5-29-9744-1236040412,cracks,SQ_CPPN,2683,-1,0.06665095833333333,6.386647128333333,0.1875
995,9128,0.727273,0.909091,0.0909091,0.0420736,6.0,0.0,2.0,0.0,1.2335546664375154,1.1685063607399704,0.39528470752104744,8482,/media/leni/DATADRIVE1/gecco_2026/meim_sq_cracks/meim_sq_cracks_21_0_11-5-29-9744-1236040412,cracks,SQ_CPPN,8380,-1,0.042999901666666666,7.0293328738888885,0.183594
996,6239,0.545455,0.909091,0.181818,0.0435763,5.0,0.0,2.0,0.0,1.1279208892256982,1.0765334562156859,0.3365728004459065,5695,/media/leni/DATADRIVE1/gecco_2026/meim_sq_cracks/meim_sq_cracks_21_0_11-5-29-9744-1236040412,cracks,SQ_CPPN,5044,-1,0.03413440777777778,4.890460667222222,0.171875
997,3109,0.727273,0.909091,0.0909091,0.0360631,6.0,0.0,2.0,0.0,1.2333642910569529,1.168305385785078,0.39528470752104744,2831,/media/leni/DATADRIVE1/gecco_2026/meim_sq_cracks/meim_sq_cracks_21_0_11-5-29-9744-1236040412,cracks,SQ_CPPN,2889,-1,0.04364220638888889,2.607790852777778,0.167969
998,9352,0.545455,0.909091,0.181818,0.0435763,5.0,0.0,2.0,0.0,1.1279208892256982,1.0765334562156859,0.3365728004459065,8706,/media/leni/DATADRIVE1/gecco_2026/meim_sq_cracks/meim_sq_cracks_21_0_11-5-29-9744-1236040412,cracks,SQ_CPPN,6239,-1,0.04159935583333333,7.178051798611111,0.167969
999,6124,0.545455,0.727273,0.0,0.0225394,5.0,0.0,2.0,0.0,0.9696579026163609,0.9093707704266506,0.3365728004459065,5671,/media/leni/DATADRIVE1/gecco_2026/meim_sq_cracks/meim_sq_cracks_21_0_11-5-29-9744-1236040412,cracks,SQ_CPPN,5057,-1,0.05947137583333333,4.823169123333333,0.167969
