#experimentName,string,visualization2
#expPluginName,string,/usr/local/lib/ARE/experiments/libvisualization2.so
#scenePath,string,/home/leni/git/AREFramework/simulation/models/scenes/ARE_arena.ttt
#scenes,sequence_string,ARE_arena.ttt
#folderToLoad,string,/media/leni/DATADRIVE1/gecco_2026/me2im_sq_flat/me2im_sq_flat_5_11_6-52-28-8675-1103747747/
#modelsPath,string,/home/leni/git/AREFramework/simulation/models/
#robotPath,string,None
#manualDesignFile,string,None
#idToLoad,int,3550
#genToLoad,int,159
#indToLoad,int,34
#maxEvalTime,float,240
#numberOfGeneration,int,0
#populationSize,int,25
#repository,string,/home/leni/are-logs
#verbose,bool,1
#instanceType,int,0
#killWhenNotConnected,bool,0
#realTimeSim,bool,0
#timeStep,float,0.02
#ctrlUpdateFrequency,double,0.1
#shouldReopenConnections,bool,0
#seed,int,-752690925

#morphGenomeType,int,1
#envType,int,6
#inputNoiseLevel,double,0.
#outputNoiseLevel,double,0.
#maxVelocity,double,6.
#arenaSize,double,2.
#useArucoAsInput,bool,1
#initPosition,sequence_double,0;0;0.12
#targetPosition,sequence_double,5;0;0.2;
#robotOrientation,sequence_float,1.57;0;1.57
#MaxWeight,float,1.0
#NNType,int,2
#NbrHiddenNeurones,int,6
#jointSubs,sequence_int,-1;-1;0;1
#UseInternalBias,bool,1
#genType,int,2
#withBeacon,bool,1
#withTiles,bool,0
#flatFloor,bool,1
#jointControllerType,int,2
#randomOrientation,bool,0
#emptyCtrlGenome,bool,1
#loadAllMorphGenome,bool,0
#objectWeight,float,1

#useJointFeedback,bool,1
#useWheelFeedback,bool,1
#useIR,bool,1
#useCamera,bool,0

#isWheel,bool,1
#isSensor,bool,1
#isJoint,bool,1
#isCaster,bool,1
#isExportModel,bool,0
#saveBlueprint,bool,0
#isSegmentedRobot,bool,0

#reloadController,bool,1
#isScreenshotEnable,bool,1
#imagesInLogFolder,bool,1
#imageRepository,string,images
#nbrWaypoints,int,180

#isNEATGenome,bool,0
#isCPPNGenome,bool,1
#isLeg,bool,1

#descriptor,int,0

#quadricFile,string,qadrics.csv